"geo_code";"Município";"Cluster";"Participação 2020 (%)";"Diferença (1985)";"Emissão Per Capita";"latitude";"longitude"
"1200013";"Acrelândia";"1";30,0297427784553;-62,7590145113873;59,5748882881861;-9,82581;-66,8972
"1200054";"Assis Brasil";"2";93,9948870042909;-4,86233116191897;68,3351389127429;-10,9298;-69,5738
"1200104";"Brasiléia";"1";61,4922430058695;-30,0032541859402;75,1870929335664;-10,995;-68,7497
"1200138";"Bujari";"2";59,1955770849401;-26,0168592676834;100,704353667274;-9,81528;-67,955
"1200179";"Capixaba";"1";44,8165576230656;-39,7680402752805;85,2015119794695;-10,566;-67,686
"1200203";"Cruzeiro do Sul";"2";89,3302972568219;-6,6201503827905;16,4310635203296;-7,62762;-72,6756
"1200252";"Epitaciolândia";"1";46,6224052260338;-28,4064659745054;38,1788622345034;-11,0188;-68,7341
"1200302";"Feijó";"2";94,8592215635871;-3,82956592651868;111,847476360956;-8,17054;-70,351
"1200328";"Jordão";"2";97,1952690990628;-1,98144819231538;24,1216081007336;-9,43091;-71,8974
"1200336";"Mâncio Lima";"2";94,1851908736892;-3,71702657123531;16,5045550388812;-7,61657;-72,8997
"1200344";"Manoel Urbano";"3";95,4879731191425;-3,59753426053477;258,971025638955;-8,83291;-69,2679
"1200351";"Marechal Thaumaturgo";"2";96,5294205068248;-1,67560484887487;20,5313095486968;-8,93898;-72,7997
"1200385";"Plácido de Castro";"1";22,2577682496455;-61,4567259837161;35,9535452707011;-10,2806;-67,1371
"1200807";"Porto Acre";"1";49,5519605291203;-41,1380206166845;56,6565137741893;-9,58138;-67,5478
"1200393";"Porto Walter";"2";96,0531304132739;-2,62040805186116;28,6485929625271;-8,26323;-72,7537
"1200401";"Rio Branco";"2";67,9475351516635;-21,8939955140437;6,98703962352192;-9,97499;-67,8243
"1200427";"Rodrigues Alves";"2";84,7746831370537;-12,4533647804121;40,3614834909274;-7,73864;-72,661
"1200435";"Santa Rosa do Purus";"2";98,0353909319582;-0,813098737785268;49,764528916204;-9,44652;-70,4902
"1200500";"Sena Madureira";"2";91,5854547566979;-6,68234217250793;63,8238767145192;-9,06596;-68,6571
"1200450";"Senador Guiomard";"1";26,4482799700789;-50,1725605107799;41,0463929209411;-10,1497;-67,7362
"1200609";"Tarauacá";"2";93,7214357965992;-4,92598516709779;47,5054685977952;-8,15697;-70,7722
"1200708";"Xapuri";"2";72,7707116063591;-16,2877160633155;89,4060913108795;-10,6516;-68,4969
"1300029";"Alvarães";"2";95,441250240482;-0,101992786320181;26,4689408474098;-3,22727;-64,8007
"1300060";"Amaturá";"2";92,4773738967792;-0,464343251040958;6,69510698377829;-3,37455;-68,2005
"1300086";"Anamã";"2";89,0163285990802;-2,48004417356428;4,26454970693165;-3,56697;-61,3963
"1300102";"Anori";"2";85,68637001477;-1,71919340126402;4,4120861585815;-3,74603;-61,6575
"1300144";"Apuí";"3";94,4599748805845;-4,67634193142121;440,426032028315;-7,19409;-59,896
"1300201";"Atalaia do Norte";"2";99,4207333165299;0,0351822827544055;9,17266888409405;-4,37055;-70,1967
"1300300";"Autazes";"2";75,5087569063614;-9,43902439940105;44,414683444313;-3,58574;-59,1256
"1300409";"Barcelos";"2";95,39765924002;0,950772841018505;27,3246417924337;-0,983373;-62,9311
"1300508";"Barreirinha";"2";81,4623096217931;-4,01027044129995;16,0259927774807;-2,79886;-57,0679
"1300607";"Benjamin Constant";"2";97,4766125262264;-0,22220836147352;2,62584337381612;-4,37768;-70,0342
"1300631";"Beruri";"2";93,5798544285419;-0,620795139985987;15,7192978731402;-3,89874;-61,3616
"1300680";"Boa Vista do Ramos";"2";81,4964710240376;-2,68966323740399;12,7283465558558;-2,97409;-57,5873
"1300706";"Boca do Acre";"2";88,144461330576;-9,23992980305798;113,684095282485;-8,74232;-67,3919
"1300805";"Borba";"2";95,6937880336966;-0,338801085228681;17,2599225333956;-4,39154;-59,5874
"1300839";"Caapiranga";"2";93,6402718900901;-2,07703533499874;16,9986784862379;-3,31537;-61,2206
"1300904";"Canutama";"2";96,1239403321264;-2,3714958813548;177,698188047142;-6,52582;-64,3953
"1301001";"Carauari";"2";98,0991829868532;0,143108398028758;8,75398570897413;-4,88161;-66,9086
"1301100";"Careiro";"2";84,7497571144016;-5,55824725821043;18,3857007584864;-3,76803;-60,369
"1301159";"Careiro da Várzea";"1";56,6243463655699;-16,4427476684889;27,0730802742714;-3,314;-59,5557
"1301209";"Coari";"2";95,1278285083725;-0,0605250572253624;5,92043229103471;-4,09412;-63,1441
"1301308";"Codajás";"2";90,9960818449346;-0,725011395619916;8,51642020851174;-3,83053;-62,0658
"1301407";"Eirunepé";"2";97,2370299033769;-0,777319680160915;12,4019896523816;-6,65677;-69,8662
"1301506";"Envira";"2";96,1881195562214;-2,64129013778054;31,4397575938609;-7,43789;-70,0281
"1301605";"Fonte Boa";"2";92,7991524553821;-0,459790924573909;11,1287396164935;-2,52342;-66,0942
"1301654";"Guajará";"2";93,6565571892409;-4,39974940337254;56,336981736638;-7,53797;-72,5907
"1301704";"Humaitá";"2";95,1618371105275;-1,28972829521376;55,9753578820011;-7,51171;-63,0327
"1301803";"Ipixuna";"2";97,2800941078397;-1,27286424033005;24,0861749449597;-7,04791;-71,6934
"1301852";"Iranduba";"2";72,5173505295009;-3,39001268470166;11,3196209214691;-3,27479;-60,19
"1301902";"Itacoatiara";"2";73,0090510378798;-4,05191654556059;13,8017238564089;-3,13861;-58,4449
"1301951";"Itamarati";"2";98,6994118364825;0,156702976492241;18,9679746211482;-6,43852;-68,2437
"1302009";"Itapiranga";"2";93,1995284367916;-1,27851846114346;10,6130034113772;-2,74081;-58,0293
"1302108";"Japurá";"2";97,406785587182;0,0612170277227762;70,3837455794582;-1,88237;-66,9291
"1302207";"Juruá";"2";96,0718985379352;0,266811405997188;13,5189459230648;-3,48438;-66,0718
"1302306";"Jutaí";"2";98,0977658783765;0,0298612230745476;29,2300934990492;-2,75814;-66,7595
"1302405";"Lábrea";"3";91,8535020816205;-6,70064914613673;304,376858613757;-7,26413;-64,7948
"1302504";"Manacapuru";"2";69,1977059363818;-6,45535004378607;10,8705269033459;-3,29066;-60,6216
"1302553";"Manaquiri";"2";85,163141783765;-4,16390965060374;20,9658420426911;-3,44078;-60,4612
"1302603";"Manaus";"2";80,9213538576513;-0,998695819230107;3,58936051780573;-3,11866;-60,0212
"1302702";"Manicoré";"2";94,9237416157087;-2,12873661701593;116,48420922773;-5,80462;-61,2895
"1302801";"Maraã";"2";90,2756341264322;0,0306175503795885;20,6580793326603;-1,85313;-65,573
"1302900";"Maués";"2";95,8061402356668;-0,579866580046541;18,9045905719976;-3,39289;-57,7067
"1303007";"Nhamundá";"2";91,9978472492059;-0,527552892626588;32,0542410098075;-2,20793;-56,7112
"1303106";"Nova Olinda do Norte";"2";89,3366788655578;-2,10877216547098;9,99292966020029;-3,90037;-59,094
"1303205";"Novo Airão";"2";96,2373454121987;0,0357025104166979;12,8791973624737;-2,63637;-60,9434
"1303304";"Novo Aripuanã";"3";94,906110189195;-2,84206842753323;401,075938916379;-5,12593;-60,3732
"1303403";"Parintins";"2";58,277316024083;-9,32890394049074;5,64974975603358;-2,63741;-56,729
"1303502";"Pauini";"2";98,8783693257158;-0,340626541627969;22,0124209113058;-7,71311;-66,992
"1303536";"Presidente Figueiredo";"2";88,3173161706484;-10,7847028425171;24,1190980920903;-2,02981;-60,0234
"1303569";"Rio Preto da Eva";"2";95,4589252139032;-0,485978760234318;15,2095342789793;-2,7045;-59,6858
"1303601";"Santa Isabel do Rio Negro";"2";98,5615759253867;0,143928566963993;37,3321536420432;-0,410824;-65,0092
"1303700";"Santo Antônio do Içá";"2";94,7019907571467;-0,51024041033105;6,9406236665461;-3,09544;-67,9463
"1303809";"São Gabriel da Cachoeira";"2";98,4162589280847;-0,152155558615192;53,0216692224065;-0,11909;-67,084
"1303908";"São Paulo de Olivença";"2";96,4715563521541;-0,133865852838298;6,59818030806514;-3,47292;-68,9646
"1303957";"São Sebastião do Uatumã";"2";93,9125597275093;-0,87763317349507;9,64842378274101;-2,55915;-57,8731
"1304005";"Silves";"2";81,9175854269203;-1,04675470035512;24,5701138706135;-2,81748;-58,248
"1304062";"Tabatinga";"2";94,4697089761521;-2,56080542522436;6,68460234269566;-4,2416;-69,9383
"1304104";"Tapauá";"2";98,0675483942722;0,260142419551528;51,1122787930544;-5,62085;-63,1808
"1304203";"Tefé";"2";96,5105511849973;0,0347034111418338;15,5667027672419;-3,36822;-64,7193
"1304237";"Tonantins";"2";93,3819884574321;-0,109509818027178;3,88333671124057;-2,86582;-67,7919
"1304260";"Uarini";"2";93,6735316797465;-0,429738841543838;32,617471218281;-2,99609;-65,1133
"1304302";"Urucará";"2";97,3013996169413;-0,661067414880634;11,4830402750654;-2,52936;-57,7538
"1304401";"Urucurituba";"2";63,8295834737118;-1,77696011261313;6,0781348155271;-3,12841;-58,1496
"1600105";"Amapá";"2";96,0695331712109;0,836758233730109;22,0511244940994;2,05267;-50,7957
"1600204";"Calçoene";"2";98,2637217855219;0,0689360330483453;65,8822222269493;2,50475;-50,9512
"1600212";"Cutias";"2";89,7895411471788;-4,52105172692485;46,8663740484584;0,970761;-50,8005
"1600238";"Ferreira Gomes";"2";84,7275238843942;-10,5086874958698;24,1385314716139;0,857256;-51,1795
"1600253";"Itaubal";"2";59,6672344682213;-6,65082133656696;21,1738199262788;0,602185;-50,6996
"1600279";"Laranjal do Jari";"2";99,2235511099468;-0,293205033134228;7,95607489177721;-0,804911;-52,453
"1600303";"Macapá";"2";71,9921332260328;-6,33076930684176;2,63681243176315;0,034934;-51,0694
"1600402";"Mazagão";"2";95,5465964317703;0,207569633864082;65,6032967453805;-0,11336;-51,2891
"1600501";"Oiapoque";"2";95,5781567514628;-1,76252522362408;28,4218836758079;3,84074;-51,8331
"1600154";"Pedra Branca do Amapari";"2";98,8174177897409;-0,428613374822319;35,9347419825575;0,777424;-51,9503
"1600535";"Porto Grande";"2";89,7916064874606;-6,82985792114719;29,5658361508851;0,71243;-51,4155
"1600550";"Pracuúba";"2";98,2244301672086;0,340149881050195;21,4544173103625;1,74543;-50,7892
"1600600";"Santana";"2";86,2356576374146;-4,42964843387379;1,85437799079804;-0,045434;-51,1729
"1600055";"Serra do Navio";"2";99,5111193737392;-0,112868246154122;30,7437384560599;0,901357;-52,0036
"1600709";"Tartarugalzinho";"2";95,7613414950627;-0,346011643992171;31,0937405033226;1,50652;-50,9087
"1600808";"Vitória do Jari";"2";84,0964135586019;-4,90505423296101;31,3788595484307;-0,938;-52,424
"2100055";"Açailândia";"1";29,1700220985979;-28,0805175152267;18,009951940764;-4,94714;-47,5004
"2100105";"Afonso Cunha";"2";87,641072016358;-11,9243081368544;12,0236107654385;-4,13631;-43,3275
"2100154";"Água Doce do Maranhão";"2";95,3926881886712;0,602480602821302;2,29009397137789;-2,84048;-42,1189
"2100204";"Alcântara";"2";89,2859064754701;-0,692788474032639;9,93605678796882;-2,39574;-44,4062
"2100303";"Aldeias Altas";"2";98,4787173104104;-1,24269214157621;4,06123967862341;-4,62621;-43,4689
"2100402";"Altamira do Maranhão";"1";28,2792361159939;-31,8037636212089;15,154559291983;-4,16598;-45,4706
"2100436";"Alto Alegre do Maranhão";"1";46,9393360111795;-20,0461070591075;10,2377995114532;-4,213;-44,446
"2100477";"Alto Alegre do Pindaré";"1";35,0616771677679;-36,8395563430936;9,42753104186701;-3,66689;-45,8421
"2100501";"Alto Parnaíba";"2";91,7022299081647;-7,64686454031587;24,2264785710135;-9,10273;-45,9303
"2100550";"Amapá do Maranhão";"1";31,7167120869626;-60,4360953260853;23,3947492909565;-1,67524;-46,0024
"2100600";"Amarante do Maranhão";"2";69,6372085694034;-23,412544720501;36,6597593146086;-5,56913;-46,7473
"2100709";"Anajatuba";"2";73,0242805872568;-10,3636417172211;10,9286710755629;-3,26269;-44,6126
"2100808";"Anapurus";"2";76,953282006822;-20,7714367461371;7,90910155329929;-3,67577;-43,1014
"2100832";"Apicum-Açu";"2";79,8466551100013;-3,42432554761818;4,44404858245509;-1,45862;-45,0864
"2100873";"Araguanã";"1";19,4490904113504;-12,3095266597729;28,5909229004487;-2,94644;-45,6589
"2100907";"Araioses";"2";89,9890070769106;2,76519824552913;1,92236443161588;-2,89091;-41,905
"2100956";"Arame";"1";53,0890378027882;-37,8310862792119;31,848016420512;-4,88347;-46,0032
"2101004";"Arari";"2";65,1945603145356;-13,950965599708;7,60660380969763;-3,45214;-44,7665
"2101103";"Axixá";"2";67,830377261842;-14,2577386778129;1,46844882940833;-2,83939;-44,062
"2101202";"Bacabal";"1";25,2140711255094;-25,4968239067311;4,72272847303351;-4,22447;-44,7832
"2101251";"Bacabeira";"2";74,2236227433912;-5,80001514709394;4,48264438186648;-2,96452;-44,3164
"2101301";"Bacuri";"2";80,1587651080346;-4,95483717121948;15,2917124842569;-1,6965;-45,1328
"2101350";"Bacurituba";"2";80,1538593598477;5,79366391693188;6,49864244662133;-2,71;-44,7329
"2101400";"Balsas";"2";76,8520184036706;-19,7820964264588;18,5157791274469;-7,53214;-46,0372
"2101509";"Barão de Grajaú";"2";91,7053169367904;-0,31204651177444;8,03134635174667;-6,74463;-43,0261
"2101608";"Barra do Corda";"2";74,4112589138677;-13,3975286053058;18,1691325060508;-5,49682;-45,2485
"2101707";"Barreirinhas";"2";79,5850138682582;0,1711332370447;1,672403782403;-2,75863;-42,8232
"2101772";"Bela Vista do Maranhão";"1";32,4692107058076;-21,7998594401541;4,5946514928046;-3,72618;-45,3075
"2101731";"Belágua";"2";97,8441845260973;-2,14312091815766;1,28001599784216;-3,15485;-43,5122
"2101806";"Benedito Leite";"2";93,0611917526829;-2,84446625731194;30,2748236923892;-7,21037;-44,5577
"2101905";"Bequimão";"2";79,3476764100329;-5,25978818140604;10,6253011282437;-2,44162;-44,7842
"2101939";"Bernardo do Mearim";"1";36,9234333967163;-17,73818064123;16,8678354600836;-4,62666;-44,7608
"2101970";"Boa Vista do Gurupi";"1";32,6041154792807;-43,8694435789589;13,069560783288;-1,77614;-46,3002
"2102002";"Bom Jardim";"2";62,160721087424;-20,3244647655367;63,9972194392746;-3,54129;-45,606
"2102036";"Bom Jesus das Selvas";"1";36,2054903217708;-41,4793913899666;37,4373213367951;-4,47638;-46,8641
"2102077";"Bom Lugar";"1";9,34923014347952;-26,6667134071008;7,27653688597711;-4,37311;-45,0326
"2102101";"Brejo";"2";75,7059395033249;-20,4576321682043;3,98184194706932;-3,67796;-42,7527
"2102150";"Brejo de Areia";"1";50,8920363009753;-31,5784610521103;21,8096435884984;-4,334;-45,581
"2102200";"Buriti";"2";83,4105786558193;-14,8600705983212;7,42777219145647;-3,94169;-42,9179
"2102309";"Buriti Bravo";"2";90,7489234110295;-5,38250066817879;13,583018895136;-5,83239;-43,8353
"2102325";"Buriticupu";"1";39,6892131937312;-51,6312124910511;17,4767030228091;-4,32375;-46,4409
"2102358";"Buritirana";"1";42,8035242207812;-41,3132678991529;25,1502064353241;-5,59823;-47,0131
"2102374";"Cachoeira Grande";"2";91,4709328424543;-5,44977261979609;5,4511846038755;-2,93074;-44,0528
"2102408";"Cajapió";"2";80,2096635353798;-3,4825482567316;2,93971617658912;-2,87326;-44,6741
"2102507";"Cajari";"1";53,532135210998;-22,669065345278;8,6932656118962;-3,32742;-45,0145
"2102556";"Campestre do Maranhão";"1";54,3797768740341;-26,6475133376718;17,6570581031671;-6,17075;-47,3625
"2102606";"Cândido Mendes";"2";68,5551392159026;-24,1166988190929;24,228556503836;-1,43265;-45,7161
"2102705";"Cantanhede";"2";76,2183782437043;-6,48694692114904;10,2656340942721;-3,63757;-44,383
"2102754";"Capinzal do Norte";"2";61,838956756278;-12,8368466172434;16,8669546931134;-4,7236;-44,328
"2102804";"Carolina";"2";86,4073348150185;-8,52126620173395;52,5524154503309;-7,33584;-47,4634
"2102903";"Carutapera";"2";68,6246215039379;-21,2661903499743;12,2708762869991;-1,19696;-46,0085
"2103000";"Caxias";"2";93,172879102011;-3,89915413845186;4,01232256539619;-4,86505;-43,3617
"2103109";"Cedral";"2";90,5512759732156;-3,96575547860128;14,9842968657078;-2,00027;-44,5281
"2103125";"Central do Maranhão";"2";86,0443792717853;-4,79850501665878;5,91316365705108;-2,19831;-44,8254
"2103158";"Centro do Guilherme";"1";40,7046269342143;-35,274595992298;15,4700853133947;-2,44891;-46,0345
"2103174";"Centro Novo do Maranhão";"2";78,6111459698782;-13,3160613041836;58,2101501818737;-2,12696;-46,1228
"2103208";"Chapadinha";"2";97,0287204924357;-2,41565559378031;3,70455245178866;-3,73875;-43,3538
"2103257";"Cidelândia";"1";33,6775212374598;-22,5271309691367;36,2765615498887;-5,17465;-47,7781
"2103307";"Codó";"2";84,3789054267395;-11,4237451440474;13,1841823821943;-4,45562;-43,8924
"2103406";"Coelho Neto";"2";96,8337739927433;-1,20113095678037;3,53651102815556;-4,25245;-43,0108
"2103505";"Colinas";"2";85,6751834747545;-13,0717690094203;11,7687409305063;-6,03199;-44,2543
"2103554";"Conceição do Lago-Açu";"1";36,1381149605637;-28,2743037152163;9,35064997095132;-3,85142;-44,8895
"2103604";"Coroatá";"2";67,7728226865886;-6,72730416706001;10,6513094117005;-4,13442;-44,1244
"2103703";"Cururupu";"2";87,1341166914902;-2,71909173656016;13,3473095015932;-1,81475;-44,8644
"2103752";"Davinópolis";"1";41,6933720807993;-19,2372099706044;7,98697859671869;-5,54637;-47,4217
"2103802";"Dom Pedro";"1";47,954185831102;-28,838470297807;7,93624828343666;-5,03518;-44,4409
"2103901";"Duque Bacelar";"2";96,6475305538184;-0,993460154164296;5,06776442141725;-4,15002;-42,9477
"2104008";"Esperantinópolis";"2";58,3813288354972;-8,16289999708098;8,82634309776634;-4,87938;-44,6926
"2104057";"Estreito";"2";75,0139404607607;-16,7622752103328;22,3245924670118;-6,56077;-47,4431
"2104073";"Feira Nova do Maranhão";"2";80,1560082262011;-12,706052203604;44,7762825556876;-6,96508;-46,6786
"2104081";"Fernando Falcão";"2";98,3462163235298;-1,42296057723638;24,7266500859174;-6,16207;-44,8979
"2104099";"Formosa da Serra Negra";"2";81,7636958304504;-12,7326754676364;38,3083860176016;-6,44017;-46,1916
"2104107";"Fortaleza dos Nogueiras";"2";81,9425930045594;-12,8939876947747;34,5217933722828;-6,95983;-46,1749
"2104206";"Fortuna";"2";75,8642796011691;-16,0906170173555;15,0688886991457;-5,72792;-44,1565
"2104305";"Godofredo Viana";"2";75,0646462053356;-16,2796533029325;20,9017516582552;-1,40259;-45,7795
"2104404";"Gonçalves Dias";"2";68,1364036280771;-21,0394015912853;26,3209106605194;-5,1475;-44,3013
"2104503";"Governador Archer";"2";62,5161611211647;-22,1418787210932;18,4891583331553;-5,02078;-44,2754
"2104552";"Governador Edison Lobão";"1";53,0112999917302;-21,7808202167132;10,5580284721904;-5,74973;-47,3646
"2104602";"Governador Eugênio Barros";"2";78,8739644394485;-17,8568620883361;18,1570482249695;-5,31897;-44,2469
"2104628";"Governador Luiz Rocha";"2";77,9080115179115;-21,5604982948291;24,7453719659755;-5,47835;-44,0774
"2104651";"Governador Newton Bello";"1";21,4849101674268;-19,8017042609084;21,6524031448387;-3,43245;-45,6619
"2104677";"Governador Nunes Freire";"1";18,8540637782853;-54,4364758290309;6,04319244109258;-2,12899;-45,8777
"2104701";"Graça Aranha";"1";52,1403940901023;-35,112288143828;26,6865365497747;-5,40547;-44,3358
"2104800";"Grajaú";"2";77,9612999568377;-15,5410835764431;28,7304910548732;-5,81367;-46,1462
"2104909";"Guimarães";"2";91,8190249218351;-1,57074633221589;10,6330231188952;-2,12755;-44,602
"2105005";"Humberto de Campos";"2";92,8968603991566;-0,965178218990388;1,86428432382952;-2,59828;-43,4649
"2105104";"Icatu";"2";71,8472631696938;-8,83716594178054;8,52481696088373;-2,77206;-44,0501
"2105153";"Igarapé do Meio";"1";47,956909832436;-20,8876399753725;7,64035443877672;-3,65771;-45,2114
"2105203";"Igarapé Grande";"1";29,9772346129961;-12,0525282925538;7,63276697720928;-4,6625;-44,8558
"2105302";"Imperatriz";"1";40,2584773847076;-9,9262587240386;4,71864834506962;-5,51847;-47,4777
"2105351";"Itaipava do Grajaú";"1";57,5253491241192;-28,1854054458304;24,0328523844896;-5,14252;-45,7877
"2105401";"Itapecuru Mirim";"2";68,7158724396928;-12,5874078613074;4,91973517766275;-3,40202;-44,3508
"2105427";"Itinga do Maranhão";"1";42,5695971731048;-27,0378822258369;64,0371419665628;-4,45293;-47,5235
"2105450";"Jatobá";"2";75,5245337425816;-18,1573806901552;21,4099478490245;-5,82282;-44,2153
"2105476";"Jenipapo dos Vieiras";"2";66,7804635721354;-22,0035065691072;41,0198827525599;-5,36237;-45,6356
"2105500";"João Lisboa";"1";22,6136271090045;-51,1349577827148;11,6058217095289;-5,44363;-47,4064
"2105609";"Joselândia";"2";57,3130514990531;-14,4643214557897;12,6673368514557;-4,98611;-44,6958
"2105658";"Junco do Maranhão";"1";15,1459517474333;-50,4431571128202;25,2287861786161;-1,83888;-46,09
"2105708";"Lago da Pedra";"1";39,1536819068834;-22,46462554177;7,5945494456393;-4,56974;-45,1319
"2105807";"Lago do Junco";"1";29,7778217075051;-18,9726351439093;6,4514332130533;-4,609;-45,049
"2105948";"Lago dos Rodrigues";"1";35,118211767525;-9,95136949668606;5,85828035164968;-4,61173;-44,9798
"2105906";"Lago Verde";"1";20,7899771857652;-41,1531225970061;8,41291581137943;-3,94661;-44,826
"2105922";"Lagoa do Mato";"2";91,5752861924264;-6,83613940557127;23,46333882571;-6,05023;-43,5333
"2105963";"Lagoa Grande do Maranhão";"1";39,7224801293358;-26,0456433262367;22,8460204047234;-4,98893;-45,3816
"2105989";"Lajeado Novo";"2";76,8237547104349;-15,4330846147549;44,0520612538243;-6,18539;-47,0293
"2106003";"Lima Campos";"1";48,5117939164803;-13,1344502075912;7,74030679668939;-4,51837;-44,4646
"2106102";"Loreto";"2";78,7718880182007;-13,7190326690541;38,2816261362376;-7,08111;-45,1451
"2106201";"Luís Domingues";"2";65,6462848609836;-26,9618868439267;27,5911141870542;-1,27492;-45,867
"2106300";"Magalhães de Almeida";"2";81,0967365994699;-4,45866311035194;4,33689147009411;-3,39232;-42,2117
"2106326";"Maracaçumé";"1";25,8693626152363;-22,1592330161588;6,70110744636276;-2,04918;-45,9587
"2106359";"Marajá do Sena";"1";53,6608321464853;-30,054274682833;54,6533388304793;-4,62806;-45,4531
"2106375";"Maranhãozinho";"1";15,2252010634858;-31,2306105880144;6,39242258304934;-2,24078;-45,8507
"2106409";"Mata Roma";"2";88,174785668279;-9,63254362955672;3,81685172763396;-3,62035;-43,1112
"2106508";"Matinha";"1";43,3002036312981;-22,9414289944244;5,72299530787234;-3,09849;-45,035
"2106607";"Matões";"2";96,4877896151337;-2,92825043847131;14,4557515057274;-5,51359;-43,2018
"2106631";"Matões do Norte";"1";48,9089548776321;-19,7733460612;27,344353932462;-3,6244;-44,5468
"2106672";"Milagres do Maranhão";"2";85,2457437966485;-12,3282570767563;4,72576450285916;-3,57443;-42,6131
"2106706";"Mirador";"2";96,6779421808295;-3,08366539927155;28,4894204887339;-6,37454;-44,3683
"2106755";"Miranda do Norte";"1";47,0652516162239;-37,020628253456;17,3942940807834;-3,56313;-44,5814
"2106805";"Mirinzal";"2";94,0896437280085;-2,60905624595362;17,297562822406;-2,07094;-44,7787
"2106904";"Monção";"1";37,3357455845748;-33,8436451990508;14,4480861763515;-3,48125;-45,2496
"2107001";"Montes Altos";"2";79,8725475829407;-11,7036008239677;24,0924065568117;-5,83067;-47,0673
"2107100";"Morros";"2";92,4971815227859;-3,85875115074155;4,2186304403321;-2,85379;-44,0357
"2107209";"Nina Rodrigues";"2";95,9185483120591;-0,86547084348085;1,81557571413725;-3,46788;-43,9134
"2107258";"Nova Colinas";"2";82,4796294929107;-12,1123555635408;31,0860615323252;-7,12263;-46,2607
"2107308";"Nova Iorque";"2";85,5938511971807;-0,867037151083608;16,1196235618017;-6,73047;-44,0471
"2107357";"Nova Olinda do Maranhão";"2";61,5319480516722;-11,3741959858451;13,8002928460153;-2,84227;-45,6953
"2107407";"Olho d'Água das Cunhãs";"1";6,53838918869808;-28,0793968747885;9,11462121189117;-4,13417;-45,1163
"2107456";"Olinda Nova do Maranhão";"1";47,5182774693026;-33,3069858615804;7,59906943777532;-2,99295;-44,9897
"2107506";"Paço do Lumiar";"1";29,7027688172924;-37,4056930850488;1,06954113378381;-2,51657;-44,1019
"2107605";"Palmeirândia";"2";68,7272864227455;-16,0937111463518;10,8594533713518;-2,64433;-44,8933
"2107704";"Paraibano";"2";88,6114980861558;-9,0239010656211;8,01783580142447;-6,4264;-43,9792
"2107803";"Parnarama";"2";89,187681698452;-9,38192584195032;22,0607110018922;-5,67365;-43,1011
"2107902";"Passagem Franca";"2";92,5441968127611;-6,1517489520355;14,6188860999808;-6,17745;-43,7755
"2108009";"Pastos Bons";"2";89,604566675282;-8,36210264514284;10,8961868617749;-6,60296;-44,0745
"2108058";"Paulino Neves";"2";86,1007456464592;-1,17647185880291;2,81071299557351;-2,72094;-42,5258
"2108108";"Paulo Ramos";"1";48,7138068843639;-24,7925517542153;11,3910650798505;-4,44485;-45,2398
"2108207";"Pedreiras";"1";36,9202413535495;-2,44260721886206;3,6316093905668;-4,56482;-44,6006
"2108256";"Pedro do Rosário";"1";43,0525303211674;-27,7378611833695;28,2366348937791;-2,97272;-45,3493
"2108306";"Penalva";"1";41,3681838117828;-39,219830670486;9,85701008983385;-3,27674;-45,1768
"2108405";"Peri Mirim";"2";78,2225785058137;-2,13509014448464;9,02760925882813;-2,57676;-44,8504
"2108454";"Peritoró";"2";67,4150849402887;-14,163218856737;11,2893418931038;-4,37459;-44,3369
"2108504";"Pindaré-Mirim";"1";28,0000327753013;-19,430467560201;2,30187418024619;-3,60985;-45,342
"2108603";"Pinheiro";"2";62,744264985146;-12,2758487383954;6,1050973769693;-2,52224;-45,0788
"2108702";"Pio XII";"1";30,9153182366683;-30,1276291837926;7,73397982352918;-3,89315;-45,1759
"2108801";"Pirapemas";"2";72,210461696141;-9,76487725692789;16,9283968912279;-3,72041;-44,2216
"2108900";"Poção de Pedras";"1";44,3581813654866;-9,50000322851663;14,1680334630163;-4,74626;-44,9432
"2109007";"Porto Franco";"2";62,3892940376124;-20,7923370759918;21,4731607910106;-6,34149;-47,3962
"2109056";"Porto Rico do Maranhão";"2";87,0701265934572;-1,88830578779846;33,9229234142829;-1,85925;-44,5842
"2109106";"Presidente Dutra";"1";23,1011865230097;-12,0040867038147;5,98749924033296;-5,2898;-44,495
"2109205";"Presidente Juscelino";"1";56,3790075400328;-33,0235953855827;5,99286478190495;-2,91872;-44,0715
"2109239";"Presidente Médici";"1";16,7152515559119;-52,5275659480384;18,7647910758549;-2,38991;-45,82
"2109270";"Presidente Sarney";"2";61,5567832709975;-17,5949151179092;9,68967606453373;-2,58799;-45,3595
"2109304";"Presidente Vargas";"2";91,0457690578847;-3,61129940608973;2,43381957330295;-3,40787;-44,0234
"2109403";"Primeira Cruz";"2";94,4889686083996;0,40857893915468;0,772519791860235;-2,50568;-43,4232
"2109452";"Raposa";"1";52,8786415358609;-12,4544761791987;0,663665950174332;-2,4254;-44,0973
"2109502";"Riachão";"2";78,3741424339214;-13,1543671780894;55,7544670891289;-7,35819;-46,6225
"2109551";"Ribamar Fiquene";"1";54,6560996157376;-27,6445271518577;28,1439089817965;-5,93067;-47,3888
"2109601";"Rosário";"1";60,7857611276041;-26,1325349275666;-0,005699561000067;-2,93444;-44,2531
"2109700";"Sambaíba";"2";76,4364096777782;-18,0333070260061;58,6042709304046;-7,13447;-45,3515
"2109759";"Santa Filomena do Maranhão";"1";27,4953274550919;-28,6866470914196;25,0040285423735;-5,49671;-44,5638
"2109809";"Santa Helena";"1";53,4002939848037;-17,1875608813609;9,4050200195925;-2,24426;-45,29
"2109908";"Santa Inês";"1";21,3223631095949;-31,9767036308588;3,48018715067029;-3,65112;-45,3774
"2110005";"Santa Luzia";"1";35,8885656371568;-37,4186018232072;12,6969082321849;-4,06873;-45,69
"2110039";"Santa Luzia do Paruá";"1";19,6190639269421;-19,3111697713049;8,29880084178595;-2,51123;-45,7801
"2110104";"Santa Quitéria do Maranhão";"2";87,6581371952463;-10,8417864447719;3,89222851463199;-3,49308;-42,5688
"2110203";"Santa Rita";"1";55,8196768026976;-27,6550541768449;6,55369721535438;-3,14241;-44,3211
"2110237";"Santana do Maranhão";"2";97,5281924755766;-1,73153120297776;5,89300701103555;-3,109;-42,4064
"2110278";"Santo Amaro do Maranhão";"2";68,2076506534794;-0,0750790959765197;1,34890820529209;-2,50068;-43,238
"2110302";"Santo Antônio dos Lopes";"3";60,0566685943129;-16,4311846013864;222,810598012236;-4,86613;-44,3653
"2110401";"São Benedito do Rio Preto";"2";98,4627469782022;-1,15390018361872;1,97348099722807;-3,33515;-43,5287
"2110500";"São Bento";"2";68,6934549593182;-14,9940199365421;6,21792387041419;-2,69781;-44,8289
"2110609";"São Bernardo";"2";93,0239916847258;-3,8423824952358;2,86790095125961;-3,37223;-42,4191
"2110658";"São Domingos do Azeitão";"2";70,1721757407916;-27,5294764718329;34,0771132245802;-6,81471;-44,6509
"2110708";"São Domingos do Maranhão";"1";53,7554494741368;-32,6999062202476;13,8342285009016;-5,58095;-44,3822
"2110807";"São Félix de Balsas";"2";91,7315493464202;-2,77041443138562;34,7580678263928;-7,07535;-44,8092
"2110856";"São Francisco do Brejão";"1";20,4717067377891;-30,523891884826;19,4981592446623;-5,12584;-47,389
"2110906";"São Francisco do Maranhão";"2";95,5868525268714;-1,59634887296069;13,5535322445208;-6,25159;-42,8668
"2111003";"São João Batista";"2";70,0591879787191;-5,17672709961805;4,3094298999019;-2,95398;-44,7953
"2111029";"São João do Carú";"1";49,4824998393714;-27,1771088402612;18,089929274762;-3,5503;-46,2507
"2111052";"São João do Paraíso";"2";78,4390388199053;-15,1256997204367;61,658995355693;-6,45634;-47,0594
"2111078";"São João do Soter";"2";95,1981389112268;-3,91647969033666;28,417213937957;-5,10821;-43,8163
"2111102";"São João dos Patos";"2";87,8882814339404;-4,79946974342771;10,5507650880893;-6,4934;-43,7036
"2111201";"São José de Ribamar";"1";39,7775008005203;-31,3499093264395;1,3578547668326;-2,54704;-44,0597
"2111250";"São José dos Basílios";"1";44,0606088608667;-11,5088191054303;18,8935916136731;-5,05493;-44,5809
"2111300";"São Luís";"1";44,8732661889337;-21,3380617875564;3,85560147608905;-2,53874;-44,2825
"2111409";"São Luís Gonzaga do Maranhão";"1";39,5306105040073;-22,3948547065408;18,0355486619833;-4,38541;-44,6654
"2111508";"São Mateus do Maranhão";"1";30,8183358823849;-22,6522784089206;7,4455980540175;-4,03736;-44,4707
"2111532";"São Pedro da Água Branca";"1";36,0375420377289;-25,7864971187422;12,4562607750752;-5,08472;-48,4291
"2111573";"São Pedro dos Crentes";"2";78,6653817257043;-14,2101119137083;50,1583901451226;-6,82389;-46,5319
"2111607";"São Raimundo das Mangabeiras";"2";87,0800613111768;-9,72197064340261;26,3144338609299;-7,02183;-45,4809
"2111631";"São Raimundo do Doca Bezerra";"1";47,6822320337439;-16,6082883877693;18,0556525856361;-5,11053;-45,0696
"2111672";"São Roberto";"1";51,158700903745;-18,9032137444989;9,03836341677703;-5,0231;-45,001
"2111706";"São Vicente Ferrer";"2";64,2526219502466;-22,7160045517531;7,84140272731062;-2,89487;-44,8681
"2111722";"Satubinha";"1";29,6945173637704;-26,7986436629437;6,63418049450626;-4,04913;-45,2457
"2111748";"Senador Alexandre Costa";"2";83,7081111583994;-14,878128068182;19,6496158086127;-5,25096;-44,0533
"2111763";"Senador La Rocque";"1";28,6852002033;-41,6398835926744;18,9789178763068;-5,4461;-47,2959
"2111789";"Serrano do Maranhão";"2";90,5822369738459;-3,63478773954401;59,6066791377148;-1,85229;-45,1207
"2111805";"Sítio Novo";"2";77,2103747525818;-15,8777841326096;47,7532048103609;-5,87601;-46,7033
"2111904";"Sucupira do Norte";"2";92,7411987078815;-5,901937741357;25,8868720364023;-6,47839;-44,1919
"2111953";"Sucupira do Riachão";"2";96,3106259466688;-2,12312986998776;11,2274898580827;-6,40858;-43,5455
"2112001";"Tasso Fragoso";"2";75,7524386304924;-21,3775581349229;51,903455087044;-8,4662;-45,7536
"2112100";"Timbiras";"2";94,7053629940971;-3,59152006250413;9,17460258479818;-4,25597;-43,932
"2112209";"Timon";"2";95,2227630260903;-1,37258499148848;1,77310910859137;-5,09769;-42,8329
"2112233";"Trizidela do Vale";"1";42,3929163757826;-17,820161274613;5,12056779953217;-4,538;-44,628
"2112274";"Tufilândia";"1";26,6156955065536;-28,4057526930297;9,51084301379482;-3,67355;-45,6238
"2112308";"Tuntum";"1";54,992087117095;-21,9512343598723;21,4401466601;-5,25476;-44,6444
"2112407";"Turiaçu";"2";77,94314040355;-15,8876481443093;22,6125731251527;-1,65893;-45,3798
"2112456";"Turilândia";"1";56,2299127304524;-27,2957100407004;23,2682609347594;-2,21638;-45,3044
"2112506";"Tutóia";"2";90,3825161907397;-0,207453068529773;1,42044197053619;-2,76141;-42,2755
"2112605";"Urbano Santos";"2";95,0392701909839;-4,86095253432543;1,88520333195546;-3,20642;-43,3878
"2112704";"Vargem Grande";"2";94,7280168213989;-1,63978401000205;4,66628819196152;-3,53639;-43,917
"2112803";"Viana";"2";60,2957450491043;-13,5937761098094;8,29848908590994;-3,20451;-44,9912
"2112852";"Vila Nova dos Martírios";"1";29,4165885947362;-25,1811257077303;36,3939877670949;-5,18889;-48,1336
"2112902";"Vitória do Mearim";"1";61,3688915228045;-25,1905288481282;6,57922808925867;-3,45125;-44,8643
"2113009";"Vitorino Freire";"1";21,891820257477;-34,2512293716687;9,30668326129935;-4,28184;-45,2505
"2114007";"Zé Doca";"1";32,4433240633269;-20,0942648424819;10,8659279667927;-3,27014;-45,6553
"5100102";"Acorizal";"2";69,5106240221481;-20,5792279461552;42,646352002871;-15,194;-56,3632
"5100201";"Água Boa";"1";42,1626564464754;-20,6880224115003;50,3415381442367;-14,051;-52,1601
"5100250";"Alta Floresta";"1";47,4328908530835;-38,8225360362117;52,6309262404501;-9,86674;-56,0867
"5100300";"Alto Araguaia";"1";48,466665446423;-18,1543553632105;36,4998568454668;-17,3153;-53,2181
"5100359";"Alto Boa Vista";"1";45,1280796696343;-35,3466487563147;72,119763003465;-11,6732;-51,3883
"5100409";"Alto Garças";"1";40,7882366200475;-21,4906364303583;42,0223984894551;-16,9462;-53,5272
"5100508";"Alto Paraguai";"2";67,6011897607035;-17,1057421355922;30,0589897081721;-14,5137;-56,4776
"5100607";"Alto Taquari";"1";22,007461158918;-10,1975112530757;48,7413560577431;-17,8241;-53,2792
"5100805";"Apiacás";"3";88,2643608595405;-9,29472233269932;334,601385987455;-9,53981;-57,4587
"5101001";"Araguaiana";"3";59,5528469697075;-23,8831343639582;261,891881212553;-15,7291;-51,8341
"5101209";"Araguainha";"1";57,8773842600573;-11,759673275392;104,726153431739;-16,857;-53,0318
"5101258";"Araputanga";"1";28,5230918856583;-11,506831027641;29,6475846639899;-15,4641;-58,3425
"5101308";"Arenápolis";"1";29,5361674469393;-13,6487542633429;17,0678957839744;-14,4472;-56,8437
"5101407";"Aripuanã";"3";83,6067124858407;-15,2653719651714;342,098523595072;-10,1723;-59,4568
"5101605";"Barão de Melgaço";"2";87,1299147702935;-8,69469031154888;121,704272922117;-16,2067;-55,9623
"5101704";"Barra do Bugres";"1";53,8719180083096;-15,8294798292977;36,7386833857646;-15,0702;-57,1878
"5101803";"Barra do Garças";"1";58,0031237181679;-17,6797086920147;21,1322735851689;-15,8804;-52,264
"5101852";"Bom Jesus do Araguaia";"3";43,3036800217521;-35,0786744902691;170,092789305692;-12,1706;-51,5032
"5101902";"Brasnorte";"3";62,9356594146048;-31,7415161742679;172,447306189404;-12,1474;-57,9833
"5102504";"Cáceres";"2";68,3408076926272;-8,47692486250588;41,2203920975031;-16,0764;-57,6818
"5102603";"Campinápolis";"2";63,0467491881878;-21,8768452732934;54,1567944623102;-14,5162;-52,893
"5102637";"Campo Novo do Parecis";"1";55,4766342964625;-19,9927335084755;48,2423610941842;-13,6587;-57,8907
"5102678";"Campo Verde";"1";32,2808359024305;-31,6623992710311;24,9585937986864;-15,545;-55,1626
"5102686";"Campos de Júlio";"3";64,1075765394;-28,0864808483398;182,102405011933;-13,7242;-59,2858
"5102694";"Canabrava do Norte";"3";45,8334935683361;-47,5615138906206;157,730848008275;-11,0556;-51,8209
"5102702";"Canarana";"1";54,8076150112471;-24,8929119297689;60,5167232665381;-13,5515;-52,2705
"5102793";"Carlinda";"1";30,9788716760879;-55,0726860130595;70,3446306074105;-9,94912;-55,8417
"5102850";"Castanheira";"3";40,1688994569447;-53,1600593640684;161,29248945551;-11,1251;-58,6081
"5103007";"Chapada dos Guimarães";"2";64,2309699514974;-22,1962990700485;40,1224421765504;-15,4643;-55,7499
"5103056";"Cláudia";"3";55,9314671032264;-35,9078375715797;325,761638423913;-11,5075;-54,8835
"5103106";"Cocalinho";"3";76,5648751790897;-13,0364770313086;363,392428685155;-14,3903;-51,0001
"5103205";"Colíder";"1";24,0736598523381;-31,9564765502578;39,4791537333183;-10,8135;-55,461
"5103254";"Colniza";"3";82,0952152236415;-16,9794358861605;382,986715345975;-9,46121;-59,2252
"5103304";"Comodoro";"2";85,7229614642429;-9,55579550322314;167,067265459853;-13,6614;-59,7848
"5103353";"Confresa";"1";37,1191399737061;-56,1794695820053;78,4382780844302;-10,6437;-51,5699
"5103361";"Conquista D'Oeste";"2";81,540397707887;-10,32187141969;80,6578929008807;-14,5381;-59,5444
"5103379";"Cotriguaçu";"3";75,708003161447;-22,0956840556973;152,11939569286;-9,85656;-58,4192
"5103403";"Cuiabá";"2";63,7874388198551;-15,4797355127137;2,92044776451628;-15,601;-56,0974
"5103437";"Curvelândia";"1";23,1289690174465;-35,8207484134616;34,7545475779206;-15,6084;-57,9133
"5103452";"Denise";"1";27,5740189715805;-0,983145408294245;57,912850801382;-14,7324;-57,0583
"5103502";"Diamantino";"1";43,3924432745682;-27,7060814145157;62,8583457659008;-14,4037;-56,4366
"5103601";"Dom Aquino";"1";44,8355028113007;-11,6455208683919;55,4216919578255;-15,8099;-54,9223
"5103700";"Feliz Natal";"3";79,213342668781;-17,521659264813;273,472746537403;-12,385;-54,9227
"5103809";"Figueirópolis D'Oeste";"1";10,1299168075804;-36,5735204131695;93,3726110292774;-15,4439;-58,7391
"5103858";"Gaúcha do Norte";"3";72,7022214825536;-22,5228252700335;209,283435970028;-13,2443;-53,0809
"5103908";"General Carneiro";"1";51,8200017875906;-22,7859537314775;65,2337073054841;-15,7094;-52,7574
"5103957";"Glória D'Oeste";"1";21,2429874268538;-41,4030088750024;80,4346028906937;-15,768;-58,3108
"5104104";"Guarantã do Norte";"1";48,1883817946909;-42,5787688840519;66,8794366345106;-9,96218;-54,9121
"5104203";"Guiratinga";"1";51,9662505100021;-13,08125789927;48,4073799624996;-16,346;-53,7575
"5104500";"Indiavaí";"1";13,0287683783646;-30,1707592422787;61,1999198771279;-15,4921;-58,5802
"5104526";"Ipiranga do Norte";"1";33,5131651519091;-61,0861778622047;65,6284163572551;-12,2408;-56,1531
"5104542";"Itanhangá";"3";43,919852596468;-52,7888451683899;170,932572064746;-12,2259;-56,6463
"5104559";"Itaúba";"3";61,0590875730299;-31,1585664662274;414,720199364865;-11,0614;-55,2766
"5104609";"Itiquira";"1";40,3396103824958;-24,3491752220637;128,050388624413;-17,2147;-54,1422
"5104807";"Jaciara";"1";39,4017755246361;-20,7525863197548;18,0518636639912;-15,9548;-54,9733
"5104906";"Jangada";"2";71,3180807613228;-18,3208475212046;30,873587923251;-15,235;-56,4917
"5105002";"Jauru";"1";14,5533005001901;-31,8304672281833;48,868418185053;-15,3342;-58,8723
"5105101";"Juara";"3";66,550583857566;-27,0866435975532;133,080533905245;-11,2639;-57,5244
"5105150";"Juína";"2";83,9834313734139;-14,244363635881;101,839636329017;-11,3728;-58,7483
"5105176";"Juruena";"1";58,4401227589819;-36,9343107444405;64,5483705696243;-10,3178;-58,3592
"5105200";"Juscimeira";"1";37,4554303910871;-17,9326067422499;45,6835299702735;-16,0633;-54,8859
"5105234";"Lambari D'Oeste";"1";40,5225312383255;-29,7402322503119;109,691705101281;-15,3188;-58,0046
"5105259";"Lucas do Rio Verde";"1";29,9698466357524;-37,8824976265188;15,2843311276119;-13,0588;-55,9042
"5105309";"Luciara";"2";91,5439374335828;-0,743774069095721;101,673582340845;-11,2219;-50,6676
"5105580";"Marcelândia";"3";73,6358811664972;-22,0571220417334;372,42496235337;-11,0463;-54,4377
"5105606";"Matupá";"3";58,8516819879908;-34,1980640625266;225,807306808666;-10,1821;-54,9467
"5105622";"Mirassol d'Oeste";"1";18,8705020690178;-38,1181634797123;19,9385688229276;-15,6759;-58,0951
"5105903";"Nobres";"2";66,3052488770381;-19,821439666896;44,7045621718031;-14,7192;-56,3284
"5106000";"Nortelândia";"2";55,8221847987148;-0,191883387243315;33,8053194475951;-14,454;-56,7945
"5106109";"Nossa Senhora do Livramento";"2";71,9919773508009;-15,5425755392237;73,810862019961;-15,772;-56,3432
"5106158";"Nova Bandeirantes";"3";60,446740491309;-36,9069315633441;346,429385744619;-9,84977;-57,8139
"5106208";"Nova Brasilândia";"1";58,8886164728404;-21,6043356388051;143,33258616146;-14,9612;-54,9685
"5106216";"Nova Canaã do Norte";"3";47,9752462193833;-37,6260364546343;231,666187500583;-10,558;-55,953
"5108808";"Nova Guarita";"1";17,7837414166231;-56,9588664403293;119,190979541968;-10,312;-55,4061
"5106182";"Nova Lacerda";"3";60,1198486069406;-31,2482297125709;206,126028598554;-14,4727;-59,6001
"5108857";"Nova Marilândia";"1";48,1493869499568;-21,3845024135408;84,7483053638852;-14,3568;-56,9696
"5108907";"Nova Maringá";"3";71,604542412386;-22,4907465036184;363,554342086435;-13,0136;-57,0908
"5108956";"Nova Monte Verde";"3";56,0793321526142;-40,3424533916557;233,377564825855;-9,99998;-57,5261
"5106224";"Nova Mutum";"1";46,3809261335785;-34,9140319763482;33,4545681526745;-13,8374;-56,0743
"5106174";"Nova Nazaré";"3";77,7158899530658;-10,7272461386244;287,948411652175;-13,9486;-51,8002
"5106232";"Nova Olímpia";"1";48,1657323389567;-9,63183438046481;35,9565578434296;-14,7889;-57,2886
"5106190";"Nova Santa Helena";"3";49,2444654216455;-32,3704498290365;177,015259242694;-10,8651;-55,1872
"5106240";"Nova Ubiratã";"3";57,8335098488248;-37,5660377299806;237,825644815223;-12,9834;-55,2556
"5106257";"Nova Xavantina";"1";41,7982947521378;-27,9843797687828;43,6842306620812;-14,6771;-52,3502
"5106273";"Novo Horizonte do Norte";"1";31,8209324059554;-49,8365513136023;66,9689133116224;-11,4089;-57,3488
"5106265";"Novo Mundo";"3";52,1598193817503;-43,6085367047258;274,433537607586;-9,95616;-55,2029
"5106315";"Novo Santo Antônio";"2";88,3014410249926;-5,27835375156849;182,054388611079;-12,2875;-50,9686
"5106281";"Novo São Joaquim";"3";39,0486568436529;-42,424743525315;155,124286302375;-14,9054;-53,0194
"5106299";"Paranaíta";"3";48,0135250720499;-42,5471716984728;365,060335645741;-9,65835;-56,4786
"5106307";"Paranatinga";"3";63,8668276344817;-20,189922827532;196,528496920847;-14,4265;-54,0524
"5106372";"Pedra Preta";"1";37,8624057665814;-5,67148620759185;61,1616307109018;-16,6245;-54,4722
"5106422";"Peixoto de Azevedo";"3";73,3363395717456;-22,2097309871638;140,782777366944;-10,2262;-54,9794
"5106455";"Planalto da Serra";"1";54,3087841320634;-24,1063638856364;152,499776992776;-14,6518;-54,7819
"5106505";"Poconé";"2";83,4917420221724;0,150721735382859;53,5850334584738;-16,266;-56,6261
"5106653";"Pontal do Araguaia";"1";49,3009427034359;-29,0411939625258;60,3983075503098;-15,9274;-52,3273
"5106703";"Ponte Branca";"1";53,3681180150316;-18,9233232610812;59,0071247414078;-16,7584;-52,8369
"5106752";"Pontes e Lacerda";"1";45,5415293214613;-34,4802922668197;48,472921790624;-15,2219;-59,3435
"5106778";"Porto Alegre do Norte";"1";58,1895879953294;-33,3567867636889;63,1989958850569;-10,8761;-51,6357
"5106802";"Porto dos Gaúchos";"3";56,7031587801592;-36,3290317475764;478,693983020722;-11,533;-57,4132
"5106828";"Porto Esperidião";"3";26,850837982759;-40,9761004569183;152,534010783597;-15,857;-58,4619
"5106851";"Porto Estrela";"3";65,5669993777333;-20,2710010591162;136,043430930624;-15,3235;-57,2204
"5107008";"Poxoréu";"1";50,7170735762;-20,9883027995525;76,9267860157628;-15,8299;-54,4208
"5107040";"Primavera do Leste";"1";25,4533133451352;-35,724261792794;16,3726765964653;-15,544;-54,2811
"5107065";"Querência";"3";68,8723851045954;-24,8753437795877;128,468593915758;-12,6093;-52,1821
"5107156";"Reserva do Cabaçal";"2";82,8979446334256;-6,45821640105474;59,8917840431304;-15,0743;-58,4585
"5107180";"Ribeirão Cascalheira";"3";72,3611428631278;-15,5674210930396;177,984494667144;-12,9367;-51,8244
"5107198";"Ribeirãozinho";"1";28,7186911290662;-23,3801667849711;64,7266546653381;-16,4856;-52,6924
"5107206";"Rio Branco";"1";15,9424644825801;-5,94127911170831;32,8118586172202;-15,2483;-58,1259
"5107578";"Rondolândia";"3";84,3307572627947;-11,5578595140571;710,079804220144;-10,8376;-61,4697
"5107602";"Rondonópolis";"1";26,7565556800229;-12,7801982994989;9,05823024285169;-16,4673;-54,6372
"5107701";"Rosário Oeste";"2";71,3574490261858;-16,3905110710623;85,614662648166;-14,8259;-56,4236
"5107750";"Salto do Céu";"1";31,4876440084767;-6,66611306546589;110,462375207253;-15,1303;-58,1317
"5107248";"Santa Carmem";"3";62,1231022325534;-32,8882175970203;342,120875296628;-11,9125;-55,2263
"5107743";"Santa Cruz do Xingu";"3";75,2779213746526;-17,9809163542753;857,287085595357;-10,1532;-52,3953
"5107768";"Santa Rita do Trivelato";"3";56,0995340269957;-34,6324380519091;191,465771222884;-13,8146;-55,2706
"5107776";"Santa Terezinha";"3";63,3773498657005;-25,3444180401415;251,090739496834;-10,4704;-50,514
"5107263";"Santo Afonso";"1";25,6434791515932;-21,3252040460712;123,366399330362;-14,4945;-57,0091
"5107792";"Santo Antônio do Leste";"1";44,4780449835473;-39,079408772414;69,5063982687122;-14,805;-53,6075
"5107800";"Santo Antônio do Leverger";"3";67,5726149923911;-22,0628966325461;122,581636459419;-15,8632;-56,0788
"5107859";"São Félix do Araguaia";"3";69,5857530763926;-18,0868497224924;150,628168163274;-11,615;-50,6706
"5107297";"São José do Povo";"1";19,8218917894311;-12,1110932130563;45,2846985950492;-16,4549;-54,2487
"5107305";"São José do Rio Claro";"1";49,1576841722001;-32,1945544250897;76,3106550769952;-13,4398;-56,7218
"5107354";"São José do Xingu";"3";50,8509450750577;-23,6042355511781;224,699418744974;-10,7982;-52,7486
"5107107";"São José dos Quatro Marcos";"1";12,399323012038;-28,8190350535266;26,5026180981373;-15,6276;-58,1772
"5107404";"São Pedro da Cipa";"1";40,6257919846095;-9,59132710053598;11,3849272852776;-16,0109;-54,9176
"5107875";"Sapezal";"2";66,2849064140226;-23,4983952291038;54,9066415686866;-12,9892;-58,7645
"5107883";"Serra Nova Dourada";"3";53,2697412829212;-27,6694602644139;333,79670203118;-12,0896;-51,4025
"5107909";"Sinop";"1";35,9461453988032;-49,8693350062657;11,2483107891077;-11,8604;-55,5091
"5107925";"Sorriso";"1";30,7374771264548;-51,4848660550942;22,5757097265021;-12,5425;-55,7211
"5107941";"Tabaporã";"3";58,8938350266432;-34,160063182436;183,344771389933;-11,3007;-56,8312
"5107958";"Tangará da Serra";"2";74,3769746535721;-9,98065567546917;14,4885544442183;-14,6229;-57,4933
"5108006";"Tapurah";"1";44,8396220904916;-45,0096358195115;96,3077876821694;-12,695;-56,5178
"5108055";"Terra Nova do Norte";"1";19,6740505531811;-56,5516627272154;132,433104071424;-10,517;-55,231
"5108105";"Tesouro";"1";50,996427063789;-24,5544809376167;129,959182365212;-16,0809;-53,559
"5108204";"Torixoréu";"1";40,3605847113384;-24,2031813621117;121,809892548938;-16,2006;-52,5571
"5108303";"União do Sul";"3";70,7488686962915;-28,4396698072603;530,556717186008;-11,5308;-54,3616
"5108352";"Vale de São Domingos";"3";66,9516968877068;-21,2852330407039;108,96474503627;-15,286;-59,0683
"5108402";"Várzea Grande";"1";51,5335804916564;-19,2821174472008;3,03439044680705;-15,6458;-56,1322
"5108501";"Vera";"1";39,6679243099901;-52,1985314051129;75,6713147862688;-12,3017;-55,3045
"5105507";"Vila Bela da Santíssima Trindade";"3";49,4024338461135;-39,2661263274852;308,398732377164;-15,0068;-59,9504
"5108600";"Vila Rica";"1";46,4435755096303;-44,7013794748112;83,8922896006642;-10,0137;-51,1186
"1500107";"Abaetetuba";"2";57,4979377520689;-3,12669706066097;3,35058418589538;-1,72183;-48,8788
"1500131";"Abel Figueiredo";"1";27,4801577226196;-16,6396834646066;50,3840528806262;-4,95333;-48,3933
"1500206";"Acará";"2";62,9650842505263;-23,1140711978704;73,3861607063098;-1,95383;-48,1985
"1500305";"Afuá";"2";66,452896684016;0,186335617018429;2,8727880076748;-0,154874;-50,3861
"1500347";"Água Azul do Norte";"1";41,0494312037881;-39,2749584260048;71,3394237754998;-6,79053;-50,4791
"1500404";"Alenquer";"2";88,3944684572261;-3,08897871173176;66,0780640162862;-1,94623;-54,7384
"1500503";"Almeirim";"2";95,9253040063019;-1,10725266102742;107,029059126575;-1,52904;-52,5788
"1500602";"Altamira";"2";92,6315062069791;-5,67704775820114;206,562982715834;-3,20407;-52,21
"1500701";"Anajás";"2";97,0000958337597;4,11501301523522;6,78675077787093;-0,996811;-49,9354
"1500800";"Ananindeua";"1";51,1425158552762;-11,1501597704059;1,62036204668142;-1,36391;-48,3743
"1500859";"Anapu";"3";74,9094735636552;-22,8355909350255;227,712584559657;-3,46985;-51,2003
"1500909";"Augusto Corrêa";"2";68,806990771581;-16,0364778249548;4,95102804568675;-1,05109;-46,6147
"1500958";"Aurora do Pará";"1";34,4187522460314;-32,1196815292362;19,6461183383537;-2,14898;-47,5677
"1501006";"Aveiro";"2";90,471334052838;-4,40195314599961;84,4509576622601;-3,60841;-55,3199
"1501105";"Bagre";"2";90,7191531670495;-0,62062238702255;13,4896984247262;-1,90057;-50,1987
"1501204";"Baião";"2";68,1724028962576;-5,48209380416901;34,1177474948379;-2,79021;-49,6694
"1501253";"Bannach";"3";33,058789146785;-50,9994721052142;269,627731272449;-7,34779;-50,3959
"1501303";"Barcarena";"1";46,6090599798362;-6,05663951157077;16,2187152393438;-1,51187;-48,6195
"1501402";"Belém";"1";27,55621514169;-5,68205332545329;1,19479715678492;-1,4554;-48,4898
"1501451";"Belterra";"2";72,9914676369872;-8,69407184574835;38,601206556474;-2,63609;-54,9374
"1501501";"Benevides";"1";52,0745085731341;-18,9408230976291;3,76048354323453;-1,36183;-48,2434
"1501576";"Bom Jesus do Tocantins";"1";42,9579182162427;-31,1690739051682;82,6202546942635;-5,0424;-48,6047
"1501600";"Bonito";"1";39,7167528950994;-31,2902858803517;15,643383291593;-1,36745;-47,3066
"1501709";"Bragança";"1";58,8735418688063;-22,7900163635347;4,92945966743566;-1,06126;-46,7826
"1501725";"Brasil Novo";"3";63,1865170742365;-29,5081960524833;127,623593178708;-3,29792;-52,534
"1501758";"Brejo Grande do Araguaia";"1";23,6338897054856;-42,7944589517772;50,8441751740052;-5,69822;-48,4103
"1501782";"Breu Branco";"1";37,5306402498684;-44,5386394336597;25,2877038314694;-3,77191;-49,5735
"1501808";"Breves";"2";88,3240188859146;0,655315473812038;3,30442589128408;-1,68036;-50,4791
"1501907";"Bujaru";"1";57,5021338040149;-22,081845452374;15,3453981413836;-1,51762;-48,0381
"1502004";"Cachoeira do Arari";"2";82,6323851742019;3,88400560570777;8,9829077850855;-1,01226;-48,9503
"1501956";"Cachoeira do Piriá";"1";56,4283642468365;-32,8717744759745;28,3670569657205;-1,75974;-46,5459
"1502103";"Cametá";"2";73,5573463738134;-0,126790354374464;16,2511665252936;-2,24295;-49,4979
"1502152";"Canaã dos Carajás";"1";51,4685752756212;-31,1575539511031;29,8622449084896;-6,49659;-49,8776
"1502202";"Capanema";"1";37,8949639235445;-40,9362884854999;5,22990717429291;-1,20529;-47,1778
"1502301";"Capitão Poço";"1";34,5346015508842;-29,231392291095;16,1708605807375;-1,74785;-47,0629
"1502400";"Castanhal";"1";34,7799874682507;-32,9023258398183;3,25353338871333;-1,29797;-47,9167
"1502509";"Chaves";"2";77,1008755308365;6,80130118686169;54,7538839371544;-0,164154;-49,987
"1502608";"Colares";"1";49,8073472655471;-4,69901757896445;4,85281883552827;-0,936423;-48,2803
"1502707";"Conceição do Araguaia";"1";41,3532598028506;-35,790026230323;25,8598811397632;-8,26136;-49,2689
"1502756";"Concórdia do Pará";"1";49,9657677103495;-32,1148708955886;9,86193291854839;-1,99238;-47,9422
"1502764";"Cumaru do Norte";"3";58,4802789378386;-35,326837878824;364,213115559041;-7,81097;-50,7698
"1502772";"Curionópolis";"1";20,2161858030747;-38,9042244186542;49,4061349322751;-6,09965;-49,6068
"1502806";"Curralinho";"2";87,9233523607366;1,2053487221888;4,70710053948526;-1,81179;-49,7952
"1502855";"Curuá";"1";46,5368987574362;-9,79398435209736;67,4970648867007;-1,88775;-55,1168
"1502905";"Curuçá";"2";68,0969912958613;-8,45267939026684;7,17034466447979;-0,733214;-47,8515
"1502939";"Dom Eliseu";"2";58,0621601436711;-22,3691843353238;88,9945026670019;-4,19944;-47,8245
"1502954";"Eldorado do Carajás";"1";10,3188835086073;-79,7016821485506;32,6382002910156;-6,10389;-49,3553
"1503002";"Faro";"2";97,7951450784808;-0,235163103221012;39,9551067781236;-2,16805;-56,7405
"1503044";"Floresta do Araguaia";"1";37,3195269671686;-42,2284758834354;32,4487386849733;-7,55335;-49,7125
"1503077";"Garrafão do Norte";"1";40,1387676103801;-26,0310833029446;11,1450328830591;-1,92986;-47,0505
"1503093";"Goianésia do Pará";"1";47,7142736368475;-30,9917568483585;84,9851629243969;-3,84338;-49,0974
"1503101";"Gurupá";"2";82,3167779921768;-0,398689819462817;11,3024916377863;-1,41412;-51,6338
"1503200";"Igarapé-Açu";"1";33,6151155616952;-31,5322912240831;7,65986452709008;-1,12539;-47,626
"1503309";"Igarapé-Miri";"2";76,8271959338311;-2,41361256565924;11,3825280477912;-1,97533;-48,9575
"1503408";"Inhangapi";"1";50,3804034637122;-24,4483614300444;15,348767735184;-1,4349;-47,9114
"1503457";"Ipixuna do Pará";"2";60,4435316829255;-17,0185393077955;58,4328724522653;-2,55992;-47,5059
"1503507";"Irituia";"1";32,4604417224968;-42,5959016393857;12,6981528701323;-1,76984;-47,446
"1503606";"Itaituba";"2";91,1440942964224;-5,61878971272827;74,8274687351707;-4,2667;-55,9926
"1503705";"Itupiranga";"1";44,5904462367451;-46,8859475434685;74,3745835281547;-5,13272;-49,3358
"1503754";"Jacareacanga";"3";95,5552879997034;-1,96767079614256;489,366799585146;-6,21469;-57,7544
"1503804";"Jacundá";"1";24,4124583763319;-40,8295371641904;12,3027614257675;-4,44617;-49,1153
"1503903";"Juruti";"2";79,883104793186;-4,83415326211207;32,6728224745992;-2,16347;-56,0889
"1504000";"Limoeiro do Ajuru";"2";64,9481660706921;1,04592611831982;8,29230060838223;-1,8985;-49,3903
"1504059";"Mãe do Rio";"1";20,4773253642832;-37,4985648673806;6,51958769406833;-2,05683;-47,5601
"1504109";"Magalhães Barata";"2";71,4777805817005;-11,6539418582679;19,6786050865596;-0,803391;-47,6014
"1504208";"Marabá";"1";46,8983305384593;-45,0337111933219;24,0555061260934;-5,38075;-49,1327
"1504307";"Maracanã";"2";64,7002689915979;-15,3522919549452;13,8488809911203;-0,778899;-47,452
"1504406";"Marapanim";"2";63,4985868851961;-18,4752565907709;14,6750237102279;-0,714702;-47,7034
"1504422";"Marituba";"1";53,8423137567867;-12,318050352926;1,88635727236752;-1,36002;-48,3421
"1504455";"Medicilândia";"3";75,1422485494336;-19,4629252267651;131,139795600719;-3,44637;-52,8875
"1504505";"Melgaço";"2";90,970557354741;-0,302330139657641;13,3026060260927;-1,8032;-50,7149
"1504604";"Mocajuba";"2";75,9100490888304;-2,1575372007903;30,9962869534626;-2,5831;-49,5042
"1504703";"Moju";"2";68,5376095175373;-20,8443358470742;81,4690213791794;-1,88993;-48,7668
"1504752";"Mojuí dos Campos";"3";72,1967682464084;-19,9018167188302;163,315606075181;-2,6822;-54,6425
"1504802";"Monte Alegre";"2";79,745285347288;-6,98184417976221;64,4738960695687;-1,99768;-54,0724
"1504901";"Muaná";"2";83,880911745823;6,48947732360971;2,87098746162442;-1,53936;-49,2224
"1504950";"Nova Esperança do Piriá";"2";61,985928560201;-27,3215618248124;29,6319803169037;-2,26693;-46,9731
"1504976";"Nova Ipixuna";"1";24,5078039526533;-54,2774366082065;39,6412770218436;-4,91622;-49,0822
"1505007";"Nova Timboteua";"1";39,5216973907438;-30,4629990506525;17,6408139135064;-1,20874;-47,3921
"1505031";"Novo Progresso";"3";82,924147247654;-15,5831256175696;396,705304871956;-7,14347;-55,3786
"1505064";"Novo Repartimento";"3";43,3535198224725;-43,9125094989679;164,370862304552;-4,24749;-49,9499
"1505106";"Óbidos";"2";89,3397317967004;-1,2173958043621;48,1472456631693;-1,90107;-55,5208
"1505205";"Oeiras do Pará";"2";81,6633482323367;-2,55966247735665;41,6501793817514;-2,00358;-49,8628
"1505304";"Oriximiná";"2";97,213838488541;-0,307262118000381;30,7143027816606;-1,75989;-55,8579
"1505403";"Ourém";"1";36,23325537533;-42,2452370398052;12,9672542715998;-1,54168;-47,1126
"1505437";"Ourilândia do Norte";"2";87,9678533743582;-8,38492762741643;46,7894213959574;-6,7529;-51,0858
"1505486";"Pacajá";"3";51,6472866064435;-41,1602532666375;320,212091500405;-3,83542;-50,6399
"1505494";"Palestina do Pará";"1";22,8850902071629;-48,4307255927557;19,3972393201827;-5,74027;-48,3181
"1505502";"Paragominas";"2";68,1510519262104;-12,242805417839;67,5428162222234;-3,00212;-47,3527
"1505536";"Parauapebas";"2";83,0767085092592;-12,0285718271754;7,73025402089987;-6,06781;-49,9037
"1505551";"Pau d'Arco";"1";45,9204176504974;-23,9758710316365;87,2099390311899;-1,59772;-46,9268
"1505601";"Peixe-Boi";"1";42,0295768710424;-34,5798569794561;25,5392194573952;-1,19382;-47,324
"1505635";"Piçarra";"1";15,4310179126037;-52,5460625368534;78,6369475444024;-6,43778;-48,8716
"1505650";"Placas";"3";71,6231487081799;-24,9950684050031;149,30848127843;-3,86813;-54,2124
"1505700";"Ponta de Pedras";"2";80,7184222215782;5,6630775214624;6,10940332542273;-1,39587;-48,8661
"1505809";"Portel";"2";87,8016581442971;-7,55480279390552;176,413705150697;-1,93639;-50,8194
"1505908";"Porto de Moz";"2";82,4204981133319;-3,97566998505712;44,9584205460478;-1,74691;-52,2361
"1506005";"Prainha";"2";76,160975016342;-9,93648698348754;147,430450810891;-1,798;-53,4779
"1506104";"Primavera";"2";59,6012703274795;-25,4742378193308;78,2467193229637;-0,945439;-47,1253
"1506112";"Quatipuru";"2";73,2995586822785;-8,61888799577902;2,9132897055568;-0,899604;-47,0134
"1506138";"Redenção";"1";35,1552748908272;-29,5366120524918;10,4705054814166;-8,02529;-50,0317
"1506161";"Rio Maria";"1";23,7175092315447;-44,3794767018215;87,0736475241404;-7,31236;-50,0379
"1506187";"Rondon do Pará";"1";49,4645465327255;-29,6889539156309;70,8877652506517;-4,77793;-48,067
"1506195";"Rurópolis";"2";73,998416208799;-21,2962133174406;64,8485164350697;-4,10028;-54,9092
"1506203";"Salinópolis";"2";60,2581374000712;-19,6987564630873;2,02452433302413;-0,630815;-47,3465
"1506302";"Salvaterra";"2";77,3288090957502;2,94472683287334;3,26143235967062;-0,758444;-48,5139
"1506351";"Santa Bárbara do Pará";"2";61,2597653438937;-7,39723737297246;3,196250559511;-1,19219;-48,238
"1506401";"Santa Cruz do Arari";"2";95,4610791748163;9,40393343398843;9,56066533850218;-0,661019;-49,1771
"1506500";"Santa Izabel do Pará";"1";49,0470029466727;-23,907968324134;5,12043318100445;-1,29686;-48,1606
"1506559";"Santa Luzia do Pará";"1";46,8913366828525;-34,7757437996546;13,4261420917607;-1,52147;-46,9008
"1506583";"Santa Maria das Barreiras";"3";40,9149117335014;-41,4652845492226;154,810149496938;-8,85784;-49,7215
"1506609";"Santa Maria do Pará";"1";24,8757239080061;-33,1273995735957;8,25719826226282;-1,35392;-47,5712
"1506708";"Santana do Araguaia";"1";43,3680348353578;-42,8279016968063;42,8499775435083;-9,3281;-50,35
"1506807";"Santarém";"2";71,4788601373441;-3,46589283386739;18,0278256604052;-2,43849;-54,6996
"1506906";"Santarém Novo";"1";54,4400456845604;-26,803766980678;16,6296740978902;-0,93097;-47,3855
"1507003";"Santo Antônio do Tauá";"1";42,8228253917496;-13,2948926262314;9,08252911344079;-1,1522;-48,1314
"1507102";"São Caetano de Odivelas";"2";65,3466448433218;-14,5791787618438;8,85728628925452;-0,747293;-48,0246
"1507151";"São Domingos do Araguaia";"1";17,5141757235051;-63,9078213158757;25,1592515958063;-5,53732;-48,7366
"1507201";"São Domingos do Capim";"1";37,9265001510197;-41,7757213135789;20,3586250698713;-1,68768;-47,7665
"1507300";"São Félix do Xingu";"3";77,5979274809727;-20,7654496196874;238,601161303535;-6,64254;-51,9904
"1507409";"São Francisco do Pará";"1";32,1415294349319;-28,6796817378518;13,7912991572348;-1,16963;-47,7917
"1507458";"São Geraldo do Araguaia";"1";22,8528440091789;-59,6004269355887;37,0770293788741;-6,39471;-48,5592
"1507466";"São João da Ponta";"1";59,1400462801894;-22,1981427316167;16,5024119627221;-0,857885;-47,918
"1507474";"São João de Pirabas";"2";68,8815211634382;-14,992555772152;11,8334813114097;-0,780222;-47,181
"1507508";"São João do Araguaia";"1";23,6022048217597;-51,9023042828503;65,3855829407916;-5,36334;-48,7926
"1507607";"São Miguel do Guamá";"1";34,5271989276223;-36,869089662454;9,2717828334771;-1,61307;-47,4784
"1507706";"São Sebastião da Boa Vista";"2";91,3021306431377;4,06659924353673;1,88533288718396;-1,71597;-49,5249
"1507755";"Sapucaia";"1";14,0286638883602;-32,4997005543217;132,637160825846;-6,94018;-49,6834
"1507805";"Senador José Porfírio";"3";85,4896073208399;-11,1919373845211;627,207897135316;-4,31242;-51,5764
"1507904";"Soure";"2";96,8980051633802;8,99799936831604;11,3664771911462;-0,73032;-48,5015
"1507953";"Tailândia";"1";54,9573292627671;-33,8694826077623;51,3970222003689;-2,94584;-48,9489
"1507961";"Terra Alta";"1";38,5788852082929;-30,4244751774325;11,3990006274818;-1,02963;-47,9004
"1507979";"Terra Santa";"2";65,6450527369601;-7,04392328124628;18,2490619431034;-2,10443;-56,4877
"1508001";"Tomé-Açu";"2";59,9125155785032;-19,0217596735937;56,087673307034;-2,41302;-48,1415
"1508035";"Tracuateua";"1";55,9577929374526;-24,1401940834405;2,79386695189435;-1,07653;-46,9031
"1508050";"Trairão";"2";88,5553257773045;-8,90465371668489;174,215873616421;-4,57347;-55,9429
"1508084";"Tucumã";"1";17,0323418844866;-76,2324176612392;32,1349215411826;-6,74687;-51,1626
"1508100";"Tucuruí";"1";44,8659987551899;-15,6677590533521;8,96255343093619;-3,7657;-49,6773
"1508126";"Ulianópolis";"1";50,1052875033053;-30,1208677343942;53,0987647133799;-3,75007;-47,4892
"1508159";"Uruará";"3";71,8132710281394;-24,3597446155135;125,677477642351;-3,71519;-53,7396
"1508209";"Vigia";"2";61,3850116168375;-13,133083250507;3,0674044376181;-0,861194;-48,1386
"1508308";"Viseu";"2";61,095393195728;-21,3838780920484;14,8946453944704;-1,19124;-46,1399
"1508357";"Vitória do Xingu";"1";35,593704017773;-49,5862681563757;59,8318721274344;-2,87922;-52,0088
"1508407";"Xinguara";"1";15,8109775831795;-47,0236203775719;32,3622503517268;-7,0983;-49,9437
"1100015";"Alta Floresta D'Oeste";"2";65,6324046369197;-24,4633089521757;92,7782309299572;-11,9283;-61,9953
"1100379";"Alto Alegre dos Parecis";"2";65,2380002332541;-24,7461575558753;90,6855756198615;-12,132;-61,835
"1100403";"Alto Paraíso";"3";26,6867159424906;-62,6991546467507;252,645357876876;-9,71429;-63,3188
"1100346";"Alvorada D'Oeste";"1";50,2106769778187;-35,6918294836935;51,3097667766759;-11,3463;-62,2847
"1100023";"Ariquemes";"1";30,4812495223698;-45,3206538450495;28,3164757294366;-9,90571;-63,0325
"1100452";"Buritis";"1";18,9858553365767;-79,0598672919755;104,841335207622;-10,1943;-63,8324
"1100031";"Cabixi";"1";29,9359037762759;-49,066208979069;89,0784515449964;-13,4945;-60,552
"1100601";"Cacaulândia";"3";29,1161845238407;-51,6616202101012;168,616554203601;-10,349;-62,9043
"1100049";"Cacoal";"1";35,3949281911419;-30,1348229546558;17,5807448204727;-11,4343;-61,4562
"1100700";"Campo Novo de Rondônia";"3";39,7673960731668;-56,2607692372783;171,522062276769;-10,5712;-63,6266
"1100809";"Candeias do Jamari";"3";63,3860350010555;-33,4746336549376;268,745224376814;-8,7907;-63,7005
"1100908";"Castanheiras";"3";25,4374193710265;-45,0990556165477;146,976870113422;-11,4253;-61,9482
"1100056";"Cerejeiras";"2";68,0615702479523;-18,3341781309729;24,8060100632932;-13,187;-60,8168
"1100924";"Chupinguaia";"3";49,6753074346473;-37,1434303399044;147,971016697032;-12,5611;-60,8877
"1100064";"Colorado do Oeste";"1";24,1155111767148;-35,0207904954331;40,98689912825;-13,1174;-60,5454
"1100072";"Corumbiara";"3";34,2502411230337;-48,8621969272394;148,506629666471;-12,9551;-60,8947
"1100080";"Costa Marques";"1";60,5015411989039;-35,1061641700067;115,101599425084;-12,4367;-64,228
"1100940";"Cujubim";"3";44,621079019865;-53,0185865773978;225,932191345082;-9,36065;-62,5846
"1100098";"Espigão D'Oeste";"1";53,2272704654793;-30,4758628380188;39,7900316951489;-11,5266;-61,0252
"1101005";"Governador Jorge Teixeira";"3";72,2496157267834;-20,0521368174951;120,995329758806;-10,61;-62,7371
"1100106";"Guajará-Mirim";"2";93,2734121373179;-3,42058967524549;33,7326135041588;-10,7889;-65,3296
"1101104";"Itapuã do Oeste";"3";75,6087858260466;-21,3650652811775;130,960469544447;-9,19687;-63,1809
"1100114";"Jaru";"1";15,0981433931471;-45,3763327538157;26,7495425874117;-10,4318;-62,4788
"1100122";"Ji-Paraná";"2";65,2759607911345;-13,9352915750856;10,759394573721;-10,8777;-61,9322
"1100130";"Machadinho D'Oeste";"3";60,6893874860464;-35,1885493324214;171,202945986882;-9,44363;-61,9818
"1101203";"Ministro Andreazza";"1";16,0626655697914;-36,6272369797146;38,801460777514;-11,196;-61,5174
"1101302";"Mirante da Serra";"1";44,3934146447255;-37,762673723603;49,1400989585736;-11,029;-62,6696
"1101401";"Monte Negro";"1";23,9427153598664;-61,5290239394445;115,454184829036;-10,2458;-63,29
"1100148";"Nova Brasilândia D'Oeste";"1";23,6475803712458;-55,8980689628629;34,5335756701109;-11,7247;-62,3127
"1100338";"Nova Mamoré";"3";57,8966362356663;-37,6205362504087;355,846422125521;-10,4077;-65,3346
"1101435";"Nova União";"1";11,2237509871137;-49,244841321406;76,9062142054624;-10,9068;-62,5564
"1100502";"Novo Horizonte do Oeste";"1";16,2448532802667;-49,4746375714387;47,1287393548796;-11,6961;-61,9951
"1100155";"Ouro Preto do Oeste";"1";12,795510274321;-34,4328109907997;79,4487425209213;-10,7167;-62,2565
"1101450";"Parecis";"3";49,7746090568366;-39,7556847985034;122,591787422826;-12,1754;-61,6032
"1100189";"Pimenta Bueno";"1";58,6624660146155;-27,7145214852615;53,794261204088;-11,672;-61,198
"1101468";"Pimenteiras do Oeste";"3";76,3204811107234;-13,9978213938788;361,325024386183;-13,4823;-61,0471
"1100205";"Porto Velho";"2";67,7753796455447;-27,1243203312735;43,2944664880354;-8,76077;-63,8999
"1100254";"Presidente Médici";"1";14,4863603803488;-35,5544898089775;46,5136903460581;-11,169;-61,8986
"1101476";"Primavera de Rondônia";"1";29,0742848103627;-41,8001259737893;74,4925051134712;-11,8295;-61,3153
"1100262";"Rio Crespo";"3";39,4760888472089;-42,0171759785961;215,441558540311;-9,69965;-62,9011
"1100288";"Rolim de Moura";"1";14,3595640880226;-42,6052386602546;14,166257876992;-11,7271;-61,7714
"1100296";"Santa Luzia D'Oeste";"1";22,5036070668498;-49,4052900157469;65,3090526468698;-11,9074;-61,7777
"1101484";"São Felipe D'Oeste";"1";12,8317329359095;-51,8426450869342;44,1133366951578;-11,9023;-61,5026
"1101492";"São Francisco do Guaporé";"3";76,2173488160672;-21,4994944835959;133,665374964077;-12,052;-63,568
"1100320";"São Miguel do Guaporé";"2";73,1526174995487;-20,4853933260045;56,9452542287186;-11,6953;-62,7192
"1101500";"Seringueiras";"1";62,0439555203719;-30,9862067915113;95,1620347434437;-11,8055;-63,0182
"1101559";"Teixeirópolis";"1";10,1084313911053;-38,5695581090508;59,9177381447863;-10,9056;-62,242
"1101609";"Theobroma";"1";24,0843942062415;-56,6875210110484;88,652806748719;-10,2483;-62,3538
"1101708";"Urupá";"1";13,3053126633458;-59,9206531345922;39,411742585203;-11,1261;-62,3639
"1101757";"Vale do Anari";"1";60,6925996000268;-35,6136812551925;95,9425933414363;-9,86215;-62,1876
"1101807";"Vale do Paraíso";"1";13,4705133143829;-51,7509315127419;110,623910065319;-10,4465;-62,1352
"1100304";"Vilhena";"2";84,1516149469096;-10,2744737275568;24,0224775804104;-12,7502;-60,1488
"1400050";"Alto Alegre";"2";95,6307301973619;-2,80902838488292;130,932776240467;2,98858;-61,3072
"1400027";"Amajari";"2";97,5073145111573;-1,19902919682458;94,9497607391325;3,64571;-61,3692
"1400100";"Boa Vista";"2";89,8690217252831;-3,55425778098663;3,12964103624134;2,82384;-60,6753
"1400159";"Bonfim";"2";90,2587097982085;-4,84684691337154;50,65529185955;3,36161;-59,8333
"1400175";"Cantá";"2";84,2187359953305;-12,4357883241224;104,413960161234;2,60994;-60,6058
"1400209";"Caracaraí";"2";92,4111823788542;-2,82762072928222;192,172191896884;1,82766;-61,1304
"1400233";"Caroebe";"2";93,8239041219975;-5,25603572885845;141,268206963906;0,884203;-59,6959
"1400282";"Iracema";"3";91,3161542880478;-7,48379830407589;292,612737922501;2,18305;-61,0415
"1400308";"Mucajaí";"3";85,0119288817813;-13,3812892249708;221,959787870698;2,43998;-60,9096
"1400407";"Normandia";"2";98,2027592005675;0,802892977858008;8,02696666017715;3,8853;-59,6204
"1400456";"Pacaraima";"2";98,8500143175632;0,474727652064331;10,9163187798823;4,4799;-61,1477
"1400472";"Rorainópolis";"2";92,9779454323579;-2,7046987541396;108,606931999442;0,939956;-60,4389
"1400506";"São João da Baliza";"2";91,8499575855634;-6,56535005370894;76,1343907107021;0,951659;-59,9133
"1400605";"São Luiz";"2";71,4962910330864;-22,4030845108324;65,8501058005524;1,01019;-60,0419
"1400704";"Uiramutã";"2";99,3355173394162;2,12925451134068;37,4230613025828;4,60314;-60,1815
"1700251";"Abreulândia";"3";65,8336899787629;-22,7212220131211;162,039439516854;-9,62101;-49,1518
"1700301";"Aguiarnópolis";"2";66,0582899056879;-15,4475391837888;17,7663527897254;-6,55409;-47,4702
"1700350";"Aliança do Tocantins";"1";51,9411236065163;-16,9767185007383;51,1174478778964;-11,3056;-48,9361
"1700400";"Almas";"2";79,775087382214;-5,66379187696683;53,7218494479084;-11,5706;-47,1792
"1700707";"Alvorada";"1";36,2937228880637;-15,6564010787254;33,0473467665204;-12,4785;-49,1249
"1701002";"Ananás";"1";42,0275783715808;-30,2821216651549;49,648519027805;-6,36437;-48,0735
"1701051";"Angico";"2";73,055362692037;-11,6469877819391;50,0675951253497;-6,39179;-47,8611
"1701101";"Aparecida do Rio Negro";"2";63,8996010318779;-27,0209976104735;58,7572082927842;-9,94139;-47,9638
"1701309";"Aragominas";"1";27,3250288519413;-24,6223821198549;138,5168201536;-7,16005;-48,5291
"1701903";"Araguacema";"2";65,6149881684577;-21,4889948319695;71,608358802786;-8,80755;-49,5569
"1702000";"Araguaçu";"1";40,1912467838179;-21,1115450578109;123,401770966091;-12,9289;-49,8231
"1702109";"Araguaína";"1";42,9234057683299;-18,3999005563914;7,40611058385399;-7,19238;-48,2044
"1702158";"Araguanã";"1";20,7705395244007;-13,6291448612319;35,6562224549677;-6,58225;-48,6395
"1702208";"Araguatins";"1";49,8261887035533;-29,2346125071233;36,8311862385212;-5,64659;-48,1232
"1702307";"Arapoema";"1";16,1352944898308;-24,7908971752633;89,9739071203587;-7,65463;-49,0637
"1702406";"Arraias";"2";67,1964777025879;-8,32243698835222;61,7936034726314;-12,9287;-46,9359
"1702554";"Augustinópolis";"1";16,0983115147536;-39,7668677585021;14,1133264147425;-5,46863;-47,8863
"1702703";"Aurora do Tocantins";"1";54,4492784588225;-14,2367389688667;33,4460949666286;-12,7105;-46,4076
"1702901";"Axixá do Tocantins";"1";36,3725762627204;-30,8734031661288;9,51417849614134;-5,61275;-47,7701
"1703008";"Babaçulândia";"2";77,6660763979273;-6,96684387317217;21,7120223285982;-7,20923;-47,7613
"1703057";"Bandeirantes do Tocantins";"1";23,3009189952046;-17,0276170488069;92,3292568316869;-7,75612;-48,5836
"1703073";"Barra do Ouro";"2";79,339799139265;-15,9528404898736;51,7985258635562;-7,69593;-47,6776
"1703107";"Barrolândia";"1";40,5711989662929;-12,0316334349526;39,3177982875011;-9,83404;-48,7252
"1703206";"Bernardo Sayão";"1";15,1889624649127;-47,1310618724297;56,4817795357534;-7,87481;-48,8893
"1703305";"Bom Jesus do Tocantins";"2";78,1004065949074;-18,3754273123092;82,2668225693559;-8,96306;-48,165
"1703602";"Brasilândia do Tocantins";"1";59,4765829264825;-13,3200405072331;102,291246289052;-8,38918;-48,4822
"1703701";"Brejinho de Nazaré";"1";56,900794047061;-11,617121092561;47,6557814553973;-11,0058;-48,5683
"1703800";"Buriti do Tocantins";"1";18,0628477894687;-56,3650386005403;12,6713899724847;-5,31448;-48,2271
"1703826";"Cachoeirinha";"2";86,7155294197748;-6,89030284503893;21,5681457591668;-6,1156;-47,9234
"1703842";"Campos Lindos";"2";74,5330689406118;-24,57099783325;49,431836966552;-7,98956;-46,8645
"1703867";"Cariri do Tocantins";"1";38,5581729111907;-18,592676187204;82,9068212863936;-11,8881;-49,1609
"1703883";"Carmolândia";"1";22,945877894703;-12,9082599425007;35,0918964820221;-7,03262;-48,3978
"1703891";"Carrasco Bonito";"1";22,9816347733115;-60,226749148374;30,5141869474252;-5,31415;-48,0314
"1703909";"Caseara";"1";50,02458548929;-25,2609325727626;67,2052865095317;-9,27612;-49,9521
"1704105";"Centenário";"2";93,6707767905493;-5,08992096845601;101,265266157881;-8,96103;-47,3304
"1705102";"Chapada da Natividade";"2";78,0299456877621;-15,3256254480515;70,2846574025306;-11,6175;-47,7486
"1704600";"Chapada de Areia";"2";58,2133163572147;-23,9714751294587;82,1172419373804;-10,1419;-49,1403
"1705508";"Colinas do Tocantins";"1";24,3405317335867;-8,70015726640517;12,2302459776535;-8,05764;-48,4757
"1716703";"Colméia";"1";34,5600974009494;-14,4427421785031;35,772634659949;-8,72463;-48,7638
"1705557";"Combinado";"1";33,8860127175581;-13,8897443704838;14,1540024857977;-12,7917;-46,5388
"1705607";"Conceição do Tocantins";"2";74,0081307199554;-2,47391368437458;46,40234357356;-12,2209;-47,2951
"1706001";"Couto Magalhães";"2";59,1789371464502;-24,2251021616479;50,0358793223247;-8,28411;-49,2473
"1706100";"Cristalândia";"2";65,7771987096989;-19,8459107024766;61,5430821243427;-10,5985;-49,1942
"1706258";"Crixás do Tocantins";"1";56,5928838855699;-13,101179376054;119,233668869169;-11,0994;-48,9152
"1706506";"Darcinópolis";"2";84,7108080722084;-10,4846047852146;68,7684129548654;-6,71591;-47,7597
"1707009";"Dianópolis";"2";78,653547680622;-10,2583407828834;18,8940696961313;-11,624;-46,8198
"1707108";"Divinópolis do Tocantins";"1";57,1999150560146;-27,3734216284198;61,74876986448;-9,80018;-49,2169
"1707207";"Dois Irmãos do Tocantins";"3";69,0563606177514;-19,3953643495146;111,997600312469;-9,25534;-49,0638
"1707306";"Dueré";"3";63,6395765116992;-19,7803935933409;181,881616835806;-11,3416;-49,2716
"1707405";"Esperantina";"1";22,7220331319963;-51,0751009502188;8,88554688436505;-5,36593;-48,5378
"1707553";"Fátima";"1";48,9961579246308;-11,7514261784856;20,8513053719074;-10,7603;-48,9076
"1707652";"Figueirópolis";"1";43,8522043658617;-16,0770135996357;64,3973885866307;-12,1312;-49,1748
"1707702";"Filadélfia";"2";68,3731572757122;-11,034906879488;43,3812702196956;-7,33501;-47,4954
"1708205";"Formoso do Araguaia";"2";82,8436639771183;-4,36175466903437;71,8269115566646;-11,7976;-49,5316
"1708304";"Goianorte";"1";56,6337832203109;-27,1088902965102;65,3242640066352;-8,77413;-48,9313
"1709005";"Goiatins";"2";92,7451712995003;-6,11663859095579;53,3055114049731;-7,71478;-47,3252
"1709302";"Guaraí";"1";54,9789205848389;-8,2881705496595;37,3802077221114;-8,83543;-48,5114
"1709500";"Gurupi";"1";46,1445685367234;-15,4947158185389;6,50352967354686;-11,7279;-49,068
"1709807";"Ipueiras";"2";66,6753938492015;-15,9727137204359;65,2244329617975;-11,2329;-48,46
"1710508";"Itacajá";"2";84,3597987800138;-11,226500465643;68,2947369538188;-8,39293;-47,7726
"1710706";"Itaguatins";"2";63,0418237096124;-26,2736526917283;37,4829982527608;-5,77267;-47,4864
"1710904";"Itapiratins";"2";64,8303571820207;-25,3326605884637;99,1920744147225;-8,37982;-48,1072
"1711100";"Itaporã do Tocantins";"1";22,8752349184549;-29,9188178157768;97,0098104526662;-8,57172;-48,6895
"1711506";"Jaú do Tocantins";"2";67,7419028598503;-21,4885671954098;95,6671785856252;-12,6509;-48,589
"1711803";"Juarina";"1";45,4473128932739;-34,4508528914591;44,0369556152251;-8,11951;-49,0643
"1711902";"Lagoa da Confusão";"2";88,509804522962;-6,54026338402825;141,978300003629;-10,7906;-49,6199
"1711951";"Lagoa do Tocantins";"2";91,0130099088861;-7,91790363929402;40,7013612094872;-10,368;-47,538
"1712009";"Lajeado";"2";78,0978557871552;-11,2847163451671;14,4800459945884;-9,74996;-48,3565
"1712157";"Lavandeira";"2";65,1786193901142;-16,6664467998569;34,3726302617178;-12,7847;-46,5099
"1712405";"Lizarda";"2";98,1889329478668;-1,19748366291952;40,938910615709;-9,59002;-46,6738
"1712454";"Luzinópolis";"2";74,2967867690801;-13,923283386666;23,4486187875581;-6,17794;-47,8582
"1712504";"Marianópolis do Tocantins";"1";51,8275379818195;-30,3601495497811;94,4435084566212;-9,79377;-49,6553
"1712702";"Mateiros";"2";91,6925872228597;-7,53487243336147;80,1716284156818;-10,5464;-46,4168
"1712801";"Maurilândia do Tocantins";"2";88,2303077948846;-7,35646413936843;39,8398904406049;-5,95169;-47,5125
"1713205";"Miracema do Tocantins";"1";55,1425444217208;-23,8842933063381;31,2632751912642;-9,56556;-48,393
"1713304";"Miranorte";"1";44,0010903799278;-27,0703942255463;30,6398462794007;-9,52907;-48,5922
"1713601";"Monte do Carmo";"2";75,8835140533218;-15,6526974600329;74,1765082542948;-10,7611;-48,1114
"1713700";"Monte Santo do Tocantins";"1";52,4691006990911;-21,2492175725103;130,924467538926;-10,0075;-48,9941
"1713957";"Muricilândia";"1";30,2490388744534;-17,330141993245;50,3811331551468;-7,14669;-48,6091
"1714203";"Natividade";"2";81,3451923970638;-9,23818242195348;51,631086886684;-11,7034;-47,7223
"1714302";"Nazaré";"2";72,4017289214139;-12,7875733637613;17,8960875525885;-6,37496;-47,6643
"1714880";"Nova Olinda";"2";63,3626590406167;-10,7556292320574;42,5102396988724;-7,63171;-48,4252
"1715002";"Nova Rosalândia";"1";42,8845155063857;-6,20899825162225;31,0335608544545;-10,5651;-48,9125
"1715101";"Novo Acordo";"2";93,3602531236141;-5,31645229622022;68,9979860789658;-9,97063;-47,6785
"1715150";"Novo Alegre";"1";30,8349650833843;-10,0608321576315;19,1693032412865;-12,9217;-46,5713
"1715259";"Novo Jardim";"2";93,335136387285;-3,53270229249472;29,6486381862515;-11,826;-46,6325
"1715507";"Oliveira de Fátima";"1";43,1946447386846;-12,1927437412912;35,0296010155855;-10,707;-48,9086
"1721000";"Palmas";"2";70,3802802718466;-19,5565984113235;2,43805703984123;-10,24;-48,3558
"1715705";"Palmeirante";"2";82,1308118286859;-11,444304360067;115,274115052619;-7,84786;-47,9242
"1713809";"Palmeiras do Tocantins";"2";71,1816389531865;-12,4871821018785;30,2799718238239;-6,61658;-47,5464
"1715754";"Palmeirópolis";"2";68,2863380597497;-13,1244070939832;31,7478380011262;-13,0447;-48,4026
"1716109";"Paraíso do Tocantins";"1";47,7948598928585;-6,26373718355485;9,13782672408909;-10,175;-48,8823
"1716208";"Paranã";"2";80,3730901280438;-6,19323797205919;79,4949187779685;-12,6167;-47,8734
"1716307";"Pau D'Arco";"1";28,7652130858642;-32,9643780290522;82,2053391696965;-7,53919;-49,367
"1716505";"Pedro Afonso";"2";68,993558329587;-26,0511019136997;54,6515088088223;-8,97034;-48,1729
"1716604";"Peixe";"2";54,8699632544406;-24,0372469078757;84,2066727679425;-12,0254;-48,5395
"1716653";"Pequizeiro";"1";28,2957785426043;-44,9440775148563;47,5210639755884;-8,5932;-48,9327
"1717008";"Pindorama do Tocantins";"2";84,4944453927567;-10,3230800300021;52,6936694112274;-11,1311;-47,5726
"1717206";"Piraquê";"1";39,0225294845529;-16,7327614069665;107,588072664048;-6,77302;-48,2958
"1717503";"Pium";"2";80,7245710295534;-10,6623350069812;177,902049247061;-10,442;-49,1876
"1717800";"Ponte Alta do Bom Jesus";"2";88,0979185343115;-7,61958692544289;81,8663465653218;-12,0853;-46,4825
"1717909";"Ponte Alta do Tocantins";"2";96,0467005497223;-2,51657883803365;61,7704563957684;-10,7481;-47,5276
"1718006";"Porto Alegre do Tocantins";"2";81,0470407535032;-10,1331626242007;29,2547032443371;-11,618;-47,0621
"1718204";"Porto Nacional";"1";53,3147986454774;-22,674217236475;15,8591617607763;-10,7027;-48,408
"1718303";"Praia Norte";"1";29,1557823000484;-50,7640893905818;16,8132464685351;-5,39281;-47,8111
"1718402";"Presidente Kennedy";"1";53,7850436521064;-10,3180938694139;48,2266160598112;-8,5406;-48,5062
"1718451";"Pugmil";"1";44,0713038854179;-10,5682332973175;32,7230621627952;-10,424;-48,8957
"1718501";"Recursolândia";"2";94,9267039427764;-3,79942793710208;56,3937198297358;-8,7227;-47,2421
"1718550";"Riachinho";"1";35,5904500788318;-37,5609465630362;60,1633471525922;-6,44005;-48,1371
"1718659";"Rio da Conceição";"2";91,0407544604065;-7,44231355939095;4,71828302569923;-11,3949;-46,8847
"1718709";"Rio dos Bois";"2";67,2931879940433;-22,9846144977408;70,8096196647434;-9,34425;-48,5245
"1718758";"Rio Sono";"2";94,1800892959946;-4,54999596205771;104,104900283708;-9,35002;-47,888
"1718808";"Sampaio";"1";46,3503441398414;-27,0790609366382;20,0519454272278;-5,35423;-47,8782
"1718840";"Sandolândia";"3";62,5359773173514;-17,5441910950801;162,430131837057;-12,538;-49,9242
"1718865";"Santa Fé do Araguaia";"1";31,9668416583151;-22,0638812829858;42,3036314977502;-7,15803;-48,7165
"1718881";"Santa Maria do Tocantins";"2";84,2863894425621;-13,4610835225968;108,717318371259;-8,8046;-47,7887
"1718899";"Santa Rita do Tocantins";"3";68,0357891408714;-17,5342273440202;404,144904801398;-10,8617;-48,9161
"1718907";"Santa Rosa do Tocantins";"2";64,9490843051648;-25,4419153617029;76,4508957173341;-11,4474;-48,1216
"1719004";"Santa Tereza do Tocantins";"2";82,9682890464112;-12,6161568991733;30,5134045540329;-10,2746;-47,8033
"1720002";"Santa Terezinha do Tocantins";"2";67,1163080966083;-16,6131450470648;27,0963830935324;-6,44438;-47,6684
"1720101";"São Bento do Tocantins";"2";80,8039129669468;-14,161631673329;82,6320084600179;-6,0258;-47,9012
"1720150";"São Félix do Tocantins";"2";99,7814117697788;-0,052969559107467;12,545353705255;-10,1615;-46,6618
"1720200";"São Miguel do Tocantins";"1";37,5529427003429;-35,6070578710766;11,4375106399456;-5,56305;-47,5743
"1720259";"São Salvador do Tocantins";"2";77,6000977423381;-15,5351824151083;47,6888313791209;-12,7458;-48,2352
"1720309";"São Sebastião do Tocantins";"1";22,8263200004167;-54,9303245122622;18,3609397403465;-5,26131;-48,2021
"1720499";"São Valério";"2";71,5991481586921;-18,0381765633154;89,0249516952703;-11,9743;-48,2353
"1720655";"Silvanópolis";"2";66,1138979504109;-20,9866903387678;35,8638044867758;-11,1471;-48,1694
"1720804";"Sítio Novo do Tocantins";"1";33,9627593588765;-37,4065788464523;13,3605545604548;-5,6012;-47,6381
"1720853";"Sucupira";"1";39,5451832068124;-25,2356150208448;91,4568292573723;-11,993;-48,9685
"1708254";"Fortaleza do Tabocão";"1";41,7153231823841;-18,8769402380466;135,392449115942;-9,05611;-48,5206
"1720903";"Taguatinga";"2";69,1630281769117;-17,4509439653142;23,8931161658906;-12,4026;-46,437
"1720937";"Taipas do Tocantins";"2";58,9903109382512;-2,3511776961153;35,246944620826;-12,1873;-46,9797
"1720978";"Talismã";"1";42,9323355889367;-22,3740473630524;131,243814148574;-12,7949;-49,0896
"1721109";"Tocantínia";"2";92,3152916967385;-3,6820715537858;20,1901697773722;-9,5632;-48,3741
"1721208";"Tocantinópolis";"2";86,3470517359562;-6,30314931218403;9,83114636560635;-6,32447;-47,4224
"1721257";"Tupirama";"1";63,3725052644877;-30,0473757339859;107,487205551054;-8,97168;-48,1883
"1721307";"Tupiratins";"2";84,8078187430041;-8,81943181807216;70,1675663311787;-8,39388;-48,1277
"1722081";"Wanderlândia";"2";84,4273020756939;-6,979567144027;21,0649606311122;-6,85274;-47,9601
"1722107";"Xambioá";"1";24,9804939946403;-29,8320337541518;36,2520903268061;-6,4141;-48,532
